ID,duration,wav,wav_format,wav_opts
0,5.0,/scratch/cvlachos/MUSAN/musan/noise/free-sound/noise-free-sound-0053.wav,wav,
1,5.0,/scratch/cvlachos/MUSAN/musan/noise/free-sound/noise-free-sound-0395.wav,wav,
2,5.0,/scratch/cvlachos/MUSAN/musan/noise/free-sound/noise-free-sound-0840.wav,wav,
3,5.0,/scratch/cvlachos/MUSAN/musan/noise/free-sound/noise-free-sound-0432.wav,wav,
4,5.0,/scratch/cvlachos/MUSAN/musan/noise/free-sound/noise-free-sound-0344.wav,wav,
5,5.0,/scratch/cvlachos/MUSAN/musan/noise/free-sound/noise-free-sound-0725.wav,wav,
6,5.0,/scratch/cvlachos/MUSAN/musan/noise/free-sound/noise-free-sound-0082.wav,wav,
7,5.0,/scratch/cvlachos/MUSAN/musan/noise/free-sound/noise-free-sound-0260.wav,wav,
8,5.0,/scratch/cvlachos/MUSAN/musan/noise/free-sound/noise-free-sound-0601.wav,wav,
9,5.0,/scratch/cvlachos/MUSAN/musan/noise/free-sound/noise-free-sound-0177.wav,wav,
10,5.0,/scratch/cvlachos/MUSAN/musan/noise/free-sound/noise-free-sound-0516.wav,wav,
11,5.0,/scratch/cvlachos/MUSAN/musan/noise/free-sound/noise-free-sound-0788.wav,wav,
12,5.0,/scratch/cvlachos/MUSAN/musan/noise/free-sound/noise-free-sound-0338.wav,wav,
13,5.0,/scratch/cvlachos/MUSAN/musan/noise/free-sound/noise-free-sound-0759.wav,wav,
14,5.0,/scratch/cvlachos/MUSAN/musan/noise/free-sound/noise-free-sound-0267.wav,wav,
15,5.0,/scratch/cvlachos/MUSAN/musan/noise/free-sound/noise-free-sound-0606.wav,wav,
16,5.0,/scratch/cvlachos/MUSAN/musan/noise/free-sound/noise-free-sound-0170.wav,wav,
17,5.0,/scratch/cvlachos/MUSAN/musan/noise/free-sound/noise-free-sound-0511.wav,wav,
18,5.0,/scratch/cvlachos/MUSAN/musan/noise/free-sound/noise-free-sound-0028.wav,wav,
19,5.0,/scratch/cvlachos/MUSAN/musan/noise/free-sound/noise-free-sound-0449.wav,wav,
20,5.0,/scratch/cvlachos/MUSAN/musan/noise/free-sound/noise-free-sound-0498.wav,wav,
21,5.0,/scratch/cvlachos/MUSAN/musan/noise/free-sound/noise-free-sound-0054.wav,wav,
22,5.0,/scratch/cvlachos/MUSAN/musan/noise/free-sound/noise-free-sound-0435.wav,wav,
23,5.0,/scratch/cvlachos/MUSAN/musan/noise/free-sound/noise-free-sound-0392.wav,wav,
24,5.0,/scratch/cvlachos/MUSAN/musan/noise/free-sound/noise-free-sound-0343.wav,wav,
25,5.0,/scratch/cvlachos/MUSAN/musan/noise/free-sound/noise-free-sound-0085.wav,wav,
26,5.0,/scratch/cvlachos/MUSAN/musan/noise/free-sound/noise-free-sound-0722.wav,wav,
27,5.0,/scratch/cvlachos/MUSAN/musan/noise/free-sound/noise-free-sound-0269.wav,wav,
28,5.0,/scratch/cvlachos/MUSAN/musan/noise/free-sound/noise-free-sound-0608.wav,wav,
29,5.0,/scratch/cvlachos/MUSAN/musan/noise/free-sound/noise-free-sound-0781.wav,wav,
30,5.0,/scratch/cvlachos/MUSAN/musan/noise/free-sound/noise-free-sound-0026.wav,wav,
31,5.0,/scratch/cvlachos/MUSAN/musan/noise/free-sound/noise-free-sound-0447.wav,wav,
32,5.0,/scratch/cvlachos/MUSAN/musan/noise/free-sound/noise-free-sound-0835.wav,wav,
33,5.0,/scratch/cvlachos/MUSAN/musan/noise/free-sound/noise-free-sound-0331.wav,wav,
34,5.0,/scratch/cvlachos/MUSAN/musan/noise/free-sound/noise-free-sound-0496.wav,wav,
35,5.0,/scratch/cvlachos/MUSAN/musan/noise/free-sound/noise-free-sound-0750.wav,wav,
36,5.0,/scratch/cvlachos/MUSAN/musan/noise/free-sound/noise-free-sound-0215.wav,wav,
37,5.0,/scratch/cvlachos/MUSAN/musan/noise/free-sound/noise-free-sound-0674.wav,wav,
38,5.0,/scratch/cvlachos/MUSAN/musan/noise/free-sound/noise-free-sound-0102.wav,wav,
39,5.0,/scratch/cvlachos/MUSAN/musan/noise/free-sound/noise-free-sound-0563.wav,wav,
40,5.0,/scratch/cvlachos/MUSAN/musan/noise/free-sound/noise-free-sound-0212.wav,wav,
41,5.0,/scratch/cvlachos/MUSAN/musan/noise/free-sound/noise-free-sound-0673.wav,wav,
42,5.0,/scratch/cvlachos/MUSAN/musan/noise/free-sound/noise-free-sound-0105.wav,wav,
43,5.0,/scratch/cvlachos/MUSAN/musan/noise/free-sound/noise-free-sound-0564.wav,wav,
44,5.0,/scratch/cvlachos/MUSAN/musan/noise/free-sound/noise-free-sound-0179.wav,wav,
45,5.0,/scratch/cvlachos/MUSAN/musan/noise/free-sound/noise-free-sound-0518.wav,wav,
46,5.0,/scratch/cvlachos/MUSAN/musan/noise/free-sound/noise-free-sound-0021.wav,wav,
47,5.0,/scratch/cvlachos/MUSAN/musan/noise/free-sound/noise-free-sound-0786.wav,wav,
48,5.0,/scratch/cvlachos/MUSAN/musan/noise/free-sound/noise-free-sound-0832.wav,wav,
49,5.0,/scratch/cvlachos/MUSAN/musan/noise/free-sound/noise-free-sound-0440.wav,wav,
50,5.0,/scratch/cvlachos/MUSAN/musan/noise/free-sound/noise-free-sound-0491.wav,wav,
51,5.0,/scratch/cvlachos/MUSAN/musan/noise/free-sound/noise-free-sound-0336.wav,wav,
52,5.0,/scratch/cvlachos/MUSAN/musan/noise/free-sound/noise-free-sound-0757.wav,wav,
53,5.0,/scratch/cvlachos/MUSAN/musan/noise/free-sound/noise-free-sound-0551.wav,wav,
54,5.0,/scratch/cvlachos/MUSAN/musan/noise/free-sound/noise-free-sound-0130.wav,wav,
55,5.0,/scratch/cvlachos/MUSAN/musan/noise/free-sound/noise-free-sound-0697.wav,wav,
56,5.0,/scratch/cvlachos/MUSAN/musan/noise/free-sound/noise-free-sound-0646.wav,wav,
57,5.0,/scratch/cvlachos/MUSAN/musan/noise/free-sound/noise-free-sound-0580.wav,wav,
58,5.0,/scratch/cvlachos/MUSAN/musan/noise/free-sound/noise-free-sound-0227.wav,wav,
59,5.0,/scratch/cvlachos/MUSAN/musan/noise/free-sound/noise-free-sound-0409.wav,wav,
60,5.0,/scratch/cvlachos/MUSAN/musan/noise/free-sound/noise-free-sound-0068.wav,wav,
61,5.0,/scratch/cvlachos/MUSAN/musan/noise/free-sound/noise-free-sound-0762.wav,wav,
62,5.0,/scratch/cvlachos/MUSAN/musan/noise/free-sound/noise-free-sound-0303.wav,wav,
63,5.0,/scratch/cvlachos/MUSAN/musan/noise/free-sound/noise-free-sound-0807.wav,wav,
64,5.0,/scratch/cvlachos/MUSAN/musan/noise/free-sound/noise-free-sound-0475.wav,wav,
65,5.0,/scratch/cvlachos/MUSAN/musan/noise/free-sound/noise-free-sound-0014.wav,wav,
66,5.0,/scratch/cvlachos/MUSAN/musan/noise/free-sound/noise-free-sound-0765.wav,wav,
67,5.0,/scratch/cvlachos/MUSAN/musan/noise/free-sound/noise-free-sound-0304.wav,wav,
68,5.0,/scratch/cvlachos/MUSAN/musan/noise/free-sound/noise-free-sound-0472.wav,wav,
69,5.0,/scratch/cvlachos/MUSAN/musan/noise/free-sound/noise-free-sound-0800.wav,wav,
70,5.0,/scratch/cvlachos/MUSAN/musan/noise/free-sound/noise-free-sound-0013.wav,wav,
71,5.0,/scratch/cvlachos/MUSAN/musan/noise/free-sound/noise-free-sound-0556.wav,wav,
72,5.0,/scratch/cvlachos/MUSAN/musan/noise/free-sound/noise-free-sound-0690.wav,wav,
73,5.0,/scratch/cvlachos/MUSAN/musan/noise/free-sound/noise-free-sound-0137.wav,wav,
74,5.0,/scratch/cvlachos/MUSAN/musan/noise/free-sound/noise-free-sound-0641.wav,wav,
75,5.0,/scratch/cvlachos/MUSAN/musan/noise/free-sound/noise-free-sound-0220.wav,wav,
76,5.0,/scratch/cvlachos/MUSAN/musan/noise/free-sound/noise-free-sound-0587.wav,wav,
77,5.0,/scratch/cvlachos/MUSAN/musan/noise/free-sound/noise-free-sound-0719.wav,wav,
78,5.0,/scratch/cvlachos/MUSAN/musan/noise/free-sound/noise-free-sound-0378.wav,wav,
79,5.0,/scratch/cvlachos/MUSAN/musan/noise/free-sound/noise-free-sound-0524.wav,wav,
80,5.0,/scratch/cvlachos/MUSAN/musan/noise/free-sound/noise-free-sound-0283.wav,wav,
81,5.0,/scratch/cvlachos/MUSAN/musan/noise/free-sound/noise-free-sound-0145.wav,wav,
82,5.0,/scratch/cvlachos/MUSAN/musan/noise/free-sound/noise-free-sound-0194.wav,wav,
83,5.0,/scratch/cvlachos/MUSAN/musan/noise/free-sound/noise-free-sound-0633.wav,wav,
84,5.0,/scratch/cvlachos/MUSAN/musan/noise/free-sound/noise-free-sound-0252.wav,wav,
85,5.0,/scratch/cvlachos/MUSAN/musan/noise/free-sound/noise-free-sound-0558.wav,wav,
86,5.0,/scratch/cvlachos/MUSAN/musan/noise/free-sound/noise-free-sound-0139.wav,wav,
87,5.0,/scratch/cvlachos/MUSAN/musan/noise/free-sound/noise-free-sound-0589.wav,wav,
88,5.0,/scratch/cvlachos/MUSAN/musan/noise/free-sound/noise-free-sound-0717.wav,wav,
89,5.0,/scratch/cvlachos/MUSAN/musan/noise/free-sound/noise-free-sound-0376.wav,wav,
90,5.0,/scratch/cvlachos/MUSAN/musan/noise/free-sound/noise-free-sound-0400.wav,wav,
91,5.0,/scratch/cvlachos/MUSAN/musan/noise/free-sound/noise-free-sound-0061.wav,wav,
92,5.0,/scratch/cvlachos/MUSAN/musan/noise/free-sound/noise-free-sound-0699.wav,wav,
93,5.0,/scratch/cvlachos/MUSAN/musan/noise/free-sound/noise-free-sound-0648.wav,wav,
94,5.0,/scratch/cvlachos/MUSAN/musan/noise/free-sound/noise-free-sound-0229.wav,wav,
95,5.0,/scratch/cvlachos/MUSAN/musan/noise/free-sound/noise-free-sound-0710.wav,wav,
96,5.0,/scratch/cvlachos/MUSAN/musan/noise/free-sound/noise-free-sound-0371.wav,wav,
97,5.0,/scratch/cvlachos/MUSAN/musan/noise/free-sound/noise-free-sound-0407.wav,wav,
98,5.0,/scratch/cvlachos/MUSAN/musan/noise/free-sound/noise-free-sound-0066.wav,wav,
99,5.0,/scratch/cvlachos/MUSAN/musan/noise/free-sound/noise-free-sound-0284.wav,wav,
100,5.0,/scratch/cvlachos/MUSAN/musan/noise/free-sound/noise-free-sound-0523.wav,wav,
101,5.0,/scratch/cvlachos/MUSAN/musan/noise/free-sound/noise-free-sound-0142.wav,wav,
102,5.0,/scratch/cvlachos/MUSAN/musan/noise/free-sound/noise-free-sound-0634.wav,wav,
103,5.0,/scratch/cvlachos/MUSAN/musan/noise/free-sound/noise-free-sound-0193.wav,wav,
104,5.0,/scratch/cvlachos/MUSAN/musan/noise/free-sound/noise-free-sound-0255.wav,wav,
105,5.0,/scratch/cvlachos/MUSAN/musan/noise/free-sound/noise-free-sound-0809.wav,wav,
106,5.0,/scratch/cvlachos/MUSAN/musan/noise/free-sound/noise-free-sound-0416.wav,wav,
107,5.0,/scratch/cvlachos/MUSAN/musan/noise/free-sound/noise-free-sound-0077.wav,wav,
108,5.0,/scratch/cvlachos/MUSAN/musan/noise/free-sound/noise-free-sound-0701.wav,wav,
109,5.0,/scratch/cvlachos/MUSAN/musan/noise/free-sound/noise-free-sound-0360.wav,wav,
110,5.0,/scratch/cvlachos/MUSAN/musan/noise/free-sound/noise-free-sound-0659.wav,wav,
111,5.0,/scratch/cvlachos/MUSAN/musan/noise/free-sound/noise-free-sound-0238.wav,wav,
112,5.0,/scratch/cvlachos/MUSAN/musan/noise/free-sound/noise-free-sound-0688.wav,wav,
113,5.0,/scratch/cvlachos/MUSAN/musan/noise/free-sound/noise-free-sound-0818.wav,wav,
114,5.0,/scratch/cvlachos/MUSAN/musan/noise/free-sound/noise-free-sound-0182.wav,wav,
115,5.0,/scratch/cvlachos/MUSAN/musan/noise/free-sound/noise-free-sound-0625.wav,wav,
116,5.0,/scratch/cvlachos/MUSAN/musan/noise/free-sound/noise-free-sound-0244.wav,wav,
117,5.0,/scratch/cvlachos/MUSAN/musan/noise/free-sound/noise-free-sound-0532.wav,wav,
118,5.0,/scratch/cvlachos/MUSAN/musan/noise/free-sound/noise-free-sound-0295.wav,wav,
119,5.0,/scratch/cvlachos/MUSAN/musan/noise/free-sound/noise-free-sound-0153.wav,wav,
120,5.0,/scratch/cvlachos/MUSAN/musan/noise/free-sound/noise-free-sound-0622.wav,wav,
121,5.0,/scratch/cvlachos/MUSAN/musan/noise/free-sound/noise-free-sound-0185.wav,wav,
122,5.0,/scratch/cvlachos/MUSAN/musan/noise/free-sound/noise-free-sound-0243.wav,wav,
123,5.0,/scratch/cvlachos/MUSAN/musan/noise/free-sound/noise-free-sound-0292.wav,wav,
124,5.0,/scratch/cvlachos/MUSAN/musan/noise/free-sound/noise-free-sound-0535.wav,wav,
125,5.0,/scratch/cvlachos/MUSAN/musan/noise/free-sound/noise-free-sound-0154.wav,wav,
126,5.0,/scratch/cvlachos/MUSAN/musan/noise/free-sound/noise-free-sound-0411.wav,wav,
127,5.0,/scratch/cvlachos/MUSAN/musan/noise/free-sound/noise-free-sound-0070.wav,wav,
128,5.0,/scratch/cvlachos/MUSAN/musan/noise/free-sound/noise-free-sound-0706.wav,wav,
129,5.0,/scratch/cvlachos/MUSAN/musan/noise/free-sound/noise-free-sound-0367.wav,wav,
130,5.0,/scratch/cvlachos/MUSAN/musan/noise/free-sound/noise-free-sound-0598.wav,wav,
131,5.0,/scratch/cvlachos/MUSAN/musan/noise/free-sound/noise-free-sound-0549.wav,wav,
132,5.0,/scratch/cvlachos/MUSAN/musan/noise/free-sound/noise-free-sound-0128.wav,wav,
133,5.0,/scratch/cvlachos/MUSAN/musan/noise/free-sound/noise-free-sound-0811.wav,wav,
134,5.0,/scratch/cvlachos/MUSAN/musan/noise/free-sound/noise-free-sound-0463.wav,wav,
135,5.0,/scratch/cvlachos/MUSAN/musan/noise/free-sound/noise-free-sound-0002.wav,wav,
136,5.0,/scratch/cvlachos/MUSAN/musan/noise/free-sound/noise-free-sound-0774.wav,wav,
137,5.0,/scratch/cvlachos/MUSAN/musan/noise/free-sound/noise-free-sound-0315.wav,wav,
138,5.0,/scratch/cvlachos/MUSAN/musan/noise/free-sound/noise-free-sound-0708.wav,wav,
139,5.0,/scratch/cvlachos/MUSAN/musan/noise/free-sound/noise-free-sound-0369.wav,wav,
140,5.0,/scratch/cvlachos/MUSAN/musan/noise/free-sound/noise-free-sound-0650.wav,wav,
141,5.0,/scratch/cvlachos/MUSAN/musan/noise/free-sound/noise-free-sound-0596.wav,wav,
142,5.0,/scratch/cvlachos/MUSAN/musan/noise/free-sound/noise-free-sound-0231.wav,wav,
143,5.0,/scratch/cvlachos/MUSAN/musan/noise/free-sound/noise-free-sound-0547.wav,wav,
144,5.0,/scratch/cvlachos/MUSAN/musan/noise/free-sound/noise-free-sound-0126.wav,wav,
145,5.0,/scratch/cvlachos/MUSAN/musan/noise/free-sound/noise-free-sound-0681.wav,wav,
146,5.0,/scratch/cvlachos/MUSAN/musan/noise/free-sound/noise-free-sound-0418.wav,wav,
147,5.0,/scratch/cvlachos/MUSAN/musan/noise/free-sound/noise-free-sound-0079.wav,wav,
148,5.0,/scratch/cvlachos/MUSAN/musan/noise/free-sound/noise-free-sound-0657.wav,wav,
149,5.0,/scratch/cvlachos/MUSAN/musan/noise/free-sound/noise-free-sound-0236.wav,wav,
150,5.0,/scratch/cvlachos/MUSAN/musan/noise/free-sound/noise-free-sound-0591.wav,wav,
151,5.0,/scratch/cvlachos/MUSAN/musan/noise/free-sound/noise-free-sound-0540.wav,wav,
152,5.0,/scratch/cvlachos/MUSAN/musan/noise/free-sound/noise-free-sound-0686.wav,wav,
153,5.0,/scratch/cvlachos/MUSAN/musan/noise/free-sound/noise-free-sound-0121.wav,wav,
154,5.0,/scratch/cvlachos/MUSAN/musan/noise/free-sound/noise-free-sound-0464.wav,wav,
155,5.0,/scratch/cvlachos/MUSAN/musan/noise/free-sound/noise-free-sound-0816.wav,wav,
156,5.0,/scratch/cvlachos/MUSAN/musan/noise/free-sound/noise-free-sound-0005.wav,wav,
157,5.0,/scratch/cvlachos/MUSAN/musan/noise/free-sound/noise-free-sound-0773.wav,wav,
158,5.0,/scratch/cvlachos/MUSAN/musan/noise/free-sound/noise-free-sound-0312.wav,wav,
159,5.0,/scratch/cvlachos/MUSAN/musan/noise/free-sound/noise-free-sound-0114.wav,wav,
160,5.0,/scratch/cvlachos/MUSAN/musan/noise/free-sound/noise-free-sound-0575.wav,wav,
161,5.0,/scratch/cvlachos/MUSAN/musan/noise/free-sound/noise-free-sound-0203.wav,wav,
162,5.0,/scratch/cvlachos/MUSAN/musan/noise/free-sound/noise-free-sound-0662.wav,wav,
163,5.0,/scratch/cvlachos/MUSAN/musan/noise/free-sound/noise-free-sound-0327.wav,wav,
164,5.0,/scratch/cvlachos/MUSAN/musan/noise/free-sound/noise-free-sound-0480.wav,wav,
165,5.0,/scratch/cvlachos/MUSAN/musan/noise/free-sound/noise-free-sound-0746.wav,wav,
166,5.0,/scratch/cvlachos/MUSAN/musan/noise/free-sound/noise-free-sound-0797.wav,wav,
167,5.0,/scratch/cvlachos/MUSAN/musan/noise/free-sound/noise-free-sound-0030.wav,wav,
168,5.0,/scratch/cvlachos/MUSAN/musan/noise/free-sound/noise-free-sound-0451.wav,wav,
169,5.0,/scratch/cvlachos/MUSAN/musan/noise/free-sound/noise-free-sound-0823.wav,wav,
170,5.0,/scratch/cvlachos/MUSAN/musan/noise/free-sound/noise-free-sound-0168.wav,wav,
171,5.0,/scratch/cvlachos/MUSAN/musan/noise/free-sound/noise-free-sound-0509.wav,wav,
172,5.0,/scratch/cvlachos/MUSAN/musan/noise/free-sound/noise-free-sound-0487.wav,wav,
173,5.0,/scratch/cvlachos/MUSAN/musan/noise/free-sound/noise-free-sound-0320.wav,wav,
174,5.0,/scratch/cvlachos/MUSAN/musan/noise/free-sound/noise-free-sound-0741.wav,wav,
175,5.0,/scratch/cvlachos/MUSAN/musan/noise/free-sound/noise-free-sound-0037.wav,wav,
176,5.0,/scratch/cvlachos/MUSAN/musan/noise/free-sound/noise-free-sound-0790.wav,wav,
177,5.0,/scratch/cvlachos/MUSAN/musan/noise/free-sound/noise-free-sound-0824.wav,wav,
178,5.0,/scratch/cvlachos/MUSAN/musan/noise/free-sound/noise-free-sound-0456.wav,wav,
179,5.0,/scratch/cvlachos/MUSAN/musan/noise/free-sound/noise-free-sound-0278.wav,wav,
180,5.0,/scratch/cvlachos/MUSAN/musan/noise/free-sound/noise-free-sound-0619.wav,wav,
181,5.0,/scratch/cvlachos/MUSAN/musan/noise/free-sound/noise-free-sound-0113.wav,wav,
182,5.0,/scratch/cvlachos/MUSAN/musan/noise/free-sound/noise-free-sound-0572.wav,wav,
183,5.0,/scratch/cvlachos/MUSAN/musan/noise/free-sound/noise-free-sound-0204.wav,wav,
184,5.0,/scratch/cvlachos/MUSAN/musan/noise/free-sound/noise-free-sound-0665.wav,wav,
185,5.0,/scratch/cvlachos/MUSAN/musan/noise/free-sound/noise-free-sound-0489.wav,wav,
186,5.0,/scratch/cvlachos/MUSAN/musan/noise/free-sound/noise-free-sound-0039.wav,wav,
187,5.0,/scratch/cvlachos/MUSAN/musan/noise/free-sound/noise-free-sound-0458.wav,wav,
188,5.0,/scratch/cvlachos/MUSAN/musan/noise/free-sound/noise-free-sound-0161.wav,wav,
189,5.0,/scratch/cvlachos/MUSAN/musan/noise/free-sound/noise-free-sound-0500.wav,wav,
190,5.0,/scratch/cvlachos/MUSAN/musan/noise/free-sound/noise-free-sound-0276.wav,wav,
191,5.0,/scratch/cvlachos/MUSAN/musan/noise/free-sound/noise-free-sound-0617.wav,wav,
192,5.0,/scratch/cvlachos/MUSAN/musan/noise/free-sound/noise-free-sound-0352.wav,wav,
193,5.0,/scratch/cvlachos/MUSAN/musan/noise/free-sound/noise-free-sound-0733.wav,wav,
194,5.0,/scratch/cvlachos/MUSAN/musan/noise/free-sound/noise-free-sound-0094.wav,wav,
195,5.0,/scratch/cvlachos/MUSAN/musan/noise/free-sound/noise-free-sound-0045.wav,wav,
196,5.0,/scratch/cvlachos/MUSAN/musan/noise/free-sound/noise-free-sound-0383.wav,wav,
197,5.0,/scratch/cvlachos/MUSAN/musan/noise/free-sound/noise-free-sound-0424.wav,wav,
198,5.0,/scratch/cvlachos/MUSAN/musan/noise/free-sound/noise-free-sound-0355.wav,wav,
199,5.0,/scratch/cvlachos/MUSAN/musan/noise/free-sound/noise-free-sound-0093.wav,wav,
200,5.0,/scratch/cvlachos/MUSAN/musan/noise/free-sound/noise-free-sound-0734.wav,wav,
201,5.0,/scratch/cvlachos/MUSAN/musan/noise/free-sound/noise-free-sound-0042.wav,wav,
202,5.0,/scratch/cvlachos/MUSAN/musan/noise/free-sound/noise-free-sound-0423.wav,wav,
203,5.0,/scratch/cvlachos/MUSAN/musan/noise/free-sound/noise-free-sound-0384.wav,wav,
204,5.0,/scratch/cvlachos/MUSAN/musan/noise/free-sound/noise-free-sound-0329.wav,wav,
205,5.0,/scratch/cvlachos/MUSAN/musan/noise/free-sound/noise-free-sound-0748.wav,wav,
206,5.0,/scratch/cvlachos/MUSAN/musan/noise/free-sound/noise-free-sound-0799.wav,wav,
207,5.0,/scratch/cvlachos/MUSAN/musan/noise/free-sound/noise-free-sound-0166.wav,wav,
208,5.0,/scratch/cvlachos/MUSAN/musan/noise/free-sound/noise-free-sound-0507.wav,wav,
209,5.0,/scratch/cvlachos/MUSAN/musan/noise/free-sound/noise-free-sound-0271.wav,wav,
210,5.0,/scratch/cvlachos/MUSAN/musan/noise/free-sound/noise-free-sound-0610.wav,wav,
211,5.0,/scratch/cvlachos/MUSAN/musan/noise/free-sound/noise-free-sound-0698.wav,wav,
212,5.0,/scratch/cvlachos/MUSAN/musan/noise/free-sound/noise-free-sound-0649.wav,wav,
213,5.0,/scratch/cvlachos/MUSAN/musan/noise/free-sound/noise-free-sound-0228.wav,wav,
214,5.0,/scratch/cvlachos/MUSAN/musan/noise/free-sound/noise-free-sound-0711.wav,wav,
215,5.0,/scratch/cvlachos/MUSAN/musan/noise/free-sound/noise-free-sound-0370.wav,wav,
216,5.0,/scratch/cvlachos/MUSAN/musan/noise/free-sound/noise-free-sound-0406.wav,wav,
217,5.0,/scratch/cvlachos/MUSAN/musan/noise/free-sound/noise-free-sound-0067.wav,wav,
218,5.0,/scratch/cvlachos/MUSAN/musan/noise/free-sound/noise-free-sound-0522.wav,wav,
219,5.0,/scratch/cvlachos/MUSAN/musan/noise/free-sound/noise-free-sound-0285.wav,wav,
220,5.0,/scratch/cvlachos/MUSAN/musan/noise/free-sound/noise-free-sound-0143.wav,wav,
221,5.0,/scratch/cvlachos/MUSAN/musan/noise/free-sound/noise-free-sound-0192.wav,wav,
222,5.0,/scratch/cvlachos/MUSAN/musan/noise/free-sound/noise-free-sound-0635.wav,wav,
223,5.0,/scratch/cvlachos/MUSAN/musan/noise/free-sound/noise-free-sound-0254.wav,wav,
224,5.0,/scratch/cvlachos/MUSAN/musan/noise/free-sound/noise-free-sound-0808.wav,wav,
225,5.0,/scratch/cvlachos/MUSAN/musan/noise/free-sound/noise-free-sound-0282.wav,wav,
226,5.0,/scratch/cvlachos/MUSAN/musan/noise/free-sound/noise-free-sound-0525.wav,wav,
227,5.0,/scratch/cvlachos/MUSAN/musan/noise/free-sound/noise-free-sound-0144.wav,wav,
228,5.0,/scratch/cvlachos/MUSAN/musan/noise/free-sound/noise-free-sound-0632.wav,wav,
229,5.0,/scratch/cvlachos/MUSAN/musan/noise/free-sound/noise-free-sound-0195.wav,wav,
230,5.0,/scratch/cvlachos/MUSAN/musan/noise/free-sound/noise-free-sound-0253.wav,wav,
231,5.0,/scratch/cvlachos/MUSAN/musan/noise/free-sound/noise-free-sound-0559.wav,wav,
232,5.0,/scratch/cvlachos/MUSAN/musan/noise/free-sound/noise-free-sound-0138.wav,wav,
233,5.0,/scratch/cvlachos/MUSAN/musan/noise/free-sound/noise-free-sound-0588.wav,wav,
234,5.0,/scratch/cvlachos/MUSAN/musan/noise/free-sound/noise-free-sound-0716.wav,wav,
235,5.0,/scratch/cvlachos/MUSAN/musan/noise/free-sound/noise-free-sound-0377.wav,wav,
236,5.0,/scratch/cvlachos/MUSAN/musan/noise/free-sound/noise-free-sound-0401.wav,wav,
237,5.0,/scratch/cvlachos/MUSAN/musan/noise/free-sound/noise-free-sound-0060.wav,wav,
238,5.0,/scratch/cvlachos/MUSAN/musan/noise/free-sound/noise-free-sound-0764.wav,wav,
239,5.0,/scratch/cvlachos/MUSAN/musan/noise/free-sound/noise-free-sound-0305.wav,wav,
240,5.0,/scratch/cvlachos/MUSAN/musan/noise/free-sound/noise-free-sound-0473.wav,wav,
241,5.0,/scratch/cvlachos/MUSAN/musan/noise/free-sound/noise-free-sound-0801.wav,wav,
242,5.0,/scratch/cvlachos/MUSAN/musan/noise/free-sound/noise-free-sound-0012.wav,wav,
243,5.0,/scratch/cvlachos/MUSAN/musan/noise/free-sound/noise-free-sound-0557.wav,wav,
244,5.0,/scratch/cvlachos/MUSAN/musan/noise/free-sound/noise-free-sound-0136.wav,wav,
245,5.0,/scratch/cvlachos/MUSAN/musan/noise/free-sound/noise-free-sound-0691.wav,wav,
246,5.0,/scratch/cvlachos/MUSAN/musan/noise/free-sound/noise-free-sound-0640.wav,wav,
247,5.0,/scratch/cvlachos/MUSAN/musan/noise/free-sound/noise-free-sound-0586.wav,wav,
248,5.0,/scratch/cvlachos/MUSAN/musan/noise/free-sound/noise-free-sound-0221.wav,wav,
249,5.0,/scratch/cvlachos/MUSAN/musan/noise/free-sound/noise-free-sound-0718.wav,wav,
250,5.0,/scratch/cvlachos/MUSAN/musan/noise/free-sound/noise-free-sound-0379.wav,wav,
251,5.0,/scratch/cvlachos/MUSAN/musan/noise/free-sound/noise-free-sound-0550.wav,wav,
252,5.0,/scratch/cvlachos/MUSAN/musan/noise/free-sound/noise-free-sound-0696.wav,wav,
253,5.0,/scratch/cvlachos/MUSAN/musan/noise/free-sound/noise-free-sound-0131.wav,wav,
254,5.0,/scratch/cvlachos/MUSAN/musan/noise/free-sound/noise-free-sound-0647.wav,wav,
255,5.0,/scratch/cvlachos/MUSAN/musan/noise/free-sound/noise-free-sound-0226.wav,wav,
256,5.0,/scratch/cvlachos/MUSAN/musan/noise/free-sound/noise-free-sound-0581.wav,wav,
257,5.0,/scratch/cvlachos/MUSAN/musan/noise/free-sound/noise-free-sound-0408.wav,wav,
258,5.0,/scratch/cvlachos/MUSAN/musan/noise/free-sound/noise-free-sound-0069.wav,wav,
259,5.0,/scratch/cvlachos/MUSAN/musan/noise/free-sound/noise-free-sound-0763.wav,wav,
260,5.0,/scratch/cvlachos/MUSAN/musan/noise/free-sound/noise-free-sound-0302.wav,wav,
261,5.0,/scratch/cvlachos/MUSAN/musan/noise/free-sound/noise-free-sound-0806.wav,wav,
262,5.0,/scratch/cvlachos/MUSAN/musan/noise/free-sound/noise-free-sound-0474.wav,wav,
263,5.0,/scratch/cvlachos/MUSAN/musan/noise/free-sound/noise-free-sound-0015.wav,wav,
264,5.0,/scratch/cvlachos/MUSAN/musan/noise/free-sound/noise-free-sound-0213.wav,wav,
265,5.0,/scratch/cvlachos/MUSAN/musan/noise/free-sound/noise-free-sound-0672.wav,wav,
266,5.0,/scratch/cvlachos/MUSAN/musan/noise/free-sound/noise-free-sound-0104.wav,wav,
267,5.0,/scratch/cvlachos/MUSAN/musan/noise/free-sound/noise-free-sound-0565.wav,wav,
268,5.0,/scratch/cvlachos/MUSAN/musan/noise/free-sound/noise-free-sound-0178.wav,wav,
269,5.0,/scratch/cvlachos/MUSAN/musan/noise/free-sound/noise-free-sound-0519.wav,wav,
270,5.0,/scratch/cvlachos/MUSAN/musan/noise/free-sound/noise-free-sound-0787.wav,wav,
271,5.0,/scratch/cvlachos/MUSAN/musan/noise/free-sound/noise-free-sound-0020.wav,wav,
272,5.0,/scratch/cvlachos/MUSAN/musan/noise/free-sound/noise-free-sound-0833.wav,wav,
273,5.0,/scratch/cvlachos/MUSAN/musan/noise/free-sound/noise-free-sound-0441.wav,wav,
274,5.0,/scratch/cvlachos/MUSAN/musan/noise/free-sound/noise-free-sound-0337.wav,wav,
275,5.0,/scratch/cvlachos/MUSAN/musan/noise/free-sound/noise-free-sound-0490.wav,wav,
276,5.0,/scratch/cvlachos/MUSAN/musan/noise/free-sound/noise-free-sound-0756.wav,wav,
277,5.0,/scratch/cvlachos/MUSAN/musan/noise/free-sound/noise-free-sound-0268.wav,wav,
278,5.0,/scratch/cvlachos/MUSAN/musan/noise/free-sound/noise-free-sound-0609.wav,wav,
279,5.0,/scratch/cvlachos/MUSAN/musan/noise/free-sound/noise-free-sound-0027.wav,wav,
280,5.0,/scratch/cvlachos/MUSAN/musan/noise/free-sound/noise-free-sound-0780.wav,wav,
281,5.0,/scratch/cvlachos/MUSAN/musan/noise/free-sound/noise-free-sound-0446.wav,wav,
282,5.0,/scratch/cvlachos/MUSAN/musan/noise/free-sound/noise-free-sound-0834.wav,wav,
283,5.0,/scratch/cvlachos/MUSAN/musan/noise/free-sound/noise-free-sound-0497.wav,wav,
284,5.0,/scratch/cvlachos/MUSAN/musan/noise/free-sound/noise-free-sound-0330.wav,wav,
285,5.0,/scratch/cvlachos/MUSAN/musan/noise/free-sound/noise-free-sound-0751.wav,wav,
286,5.0,/scratch/cvlachos/MUSAN/musan/noise/free-sound/noise-free-sound-0214.wav,wav,
287,5.0,/scratch/cvlachos/MUSAN/musan/noise/free-sound/noise-free-sound-0675.wav,wav,
288,5.0,/scratch/cvlachos/MUSAN/musan/noise/free-sound/noise-free-sound-0103.wav,wav,
289,5.0,/scratch/cvlachos/MUSAN/musan/noise/free-sound/noise-free-sound-0562.wav,wav,
290,5.0,/scratch/cvlachos/MUSAN/musan/noise/free-sound/noise-free-sound-0266.wav,wav,
291,5.0,/scratch/cvlachos/MUSAN/musan/noise/free-sound/noise-free-sound-0607.wav,wav,
292,5.0,/scratch/cvlachos/MUSAN/musan/noise/free-sound/noise-free-sound-0171.wav,wav,
293,5.0,/scratch/cvlachos/MUSAN/musan/noise/free-sound/noise-free-sound-0510.wav,wav,
294,5.0,/scratch/cvlachos/MUSAN/musan/noise/free-sound/noise-free-sound-0029.wav,wav,
295,5.0,/scratch/cvlachos/MUSAN/musan/noise/free-sound/noise-free-sound-0448.wav,wav,
296,5.0,/scratch/cvlachos/MUSAN/musan/noise/free-sound/noise-free-sound-0499.wav,wav,
297,5.0,/scratch/cvlachos/MUSAN/musan/noise/free-sound/noise-free-sound-0055.wav,wav,
298,5.0,/scratch/cvlachos/MUSAN/musan/noise/free-sound/noise-free-sound-0393.wav,wav,
299,5.0,/scratch/cvlachos/MUSAN/musan/noise/free-sound/noise-free-sound-0434.wav,wav,
300,5.0,/scratch/cvlachos/MUSAN/musan/noise/free-sound/noise-free-sound-0342.wav,wav,
301,5.0,/scratch/cvlachos/MUSAN/musan/noise/free-sound/noise-free-sound-0723.wav,wav,
302,5.0,/scratch/cvlachos/MUSAN/musan/noise/free-sound/noise-free-sound-0084.wav,wav,
303,5.0,/scratch/cvlachos/MUSAN/musan/noise/free-sound/noise-free-sound-0052.wav,wav,
304,5.0,/scratch/cvlachos/MUSAN/musan/noise/free-sound/noise-free-sound-0841.wav,wav,
305,5.0,/scratch/cvlachos/MUSAN/musan/noise/free-sound/noise-free-sound-0433.wav,wav,
306,5.0,/scratch/cvlachos/MUSAN/musan/noise/free-sound/noise-free-sound-0394.wav,wav,
307,5.0,/scratch/cvlachos/MUSAN/musan/noise/free-sound/noise-free-sound-0345.wav,wav,
308,5.0,/scratch/cvlachos/MUSAN/musan/noise/free-sound/noise-free-sound-0083.wav,wav,
309,5.0,/scratch/cvlachos/MUSAN/musan/noise/free-sound/noise-free-sound-0724.wav,wav,
310,5.0,/scratch/cvlachos/MUSAN/musan/noise/free-sound/noise-free-sound-0261.wav,wav,
311,5.0,/scratch/cvlachos/MUSAN/musan/noise/free-sound/noise-free-sound-0600.wav,wav,
312,5.0,/scratch/cvlachos/MUSAN/musan/noise/free-sound/noise-free-sound-0176.wav,wav,
313,5.0,/scratch/cvlachos/MUSAN/musan/noise/free-sound/noise-free-sound-0517.wav,wav,
314,5.0,/scratch/cvlachos/MUSAN/musan/noise/free-sound/noise-free-sound-0789.wav,wav,
315,5.0,/scratch/cvlachos/MUSAN/musan/noise/free-sound/noise-free-sound-0339.wav,wav,
316,5.0,/scratch/cvlachos/MUSAN/musan/noise/free-sound/noise-free-sound-0758.wav,wav,
317,5.0,/scratch/cvlachos/MUSAN/musan/noise/free-sound/noise-free-sound-0354.wav,wav,
318,5.0,/scratch/cvlachos/MUSAN/musan/noise/free-sound/noise-free-sound-0735.wav,wav,
319,5.0,/scratch/cvlachos/MUSAN/musan/noise/free-sound/noise-free-sound-0092.wav,wav,
320,5.0,/scratch/cvlachos/MUSAN/musan/noise/free-sound/noise-free-sound-0043.wav,wav,
321,5.0,/scratch/cvlachos/MUSAN/musan/noise/free-sound/noise-free-sound-0385.wav,wav,
322,5.0,/scratch/cvlachos/MUSAN/musan/noise/free-sound/noise-free-sound-0422.wav,wav,
323,5.0,/scratch/cvlachos/MUSAN/musan/noise/free-sound/noise-free-sound-0328.wav,wav,
324,5.0,/scratch/cvlachos/MUSAN/musan/noise/free-sound/noise-free-sound-0749.wav,wav,
325,5.0,/scratch/cvlachos/MUSAN/musan/noise/free-sound/noise-free-sound-0798.wav,wav,
326,5.0,/scratch/cvlachos/MUSAN/musan/noise/free-sound/noise-free-sound-0167.wav,wav,
327,5.0,/scratch/cvlachos/MUSAN/musan/noise/free-sound/noise-free-sound-0506.wav,wav,
328,5.0,/scratch/cvlachos/MUSAN/musan/noise/free-sound/noise-free-sound-0270.wav,wav,
329,5.0,/scratch/cvlachos/MUSAN/musan/noise/free-sound/noise-free-sound-0611.wav,wav,
330,5.0,/scratch/cvlachos/MUSAN/musan/noise/free-sound/noise-free-sound-0488.wav,wav,
331,5.0,/scratch/cvlachos/MUSAN/musan/noise/free-sound/noise-free-sound-0038.wav,wav,
332,5.0,/scratch/cvlachos/MUSAN/musan/noise/free-sound/noise-free-sound-0459.wav,wav,
333,5.0,/scratch/cvlachos/MUSAN/musan/noise/free-sound/noise-free-sound-0160.wav,wav,
334,5.0,/scratch/cvlachos/MUSAN/musan/noise/free-sound/noise-free-sound-0501.wav,wav,
335,5.0,/scratch/cvlachos/MUSAN/musan/noise/free-sound/noise-free-sound-0277.wav,wav,
336,5.0,/scratch/cvlachos/MUSAN/musan/noise/free-sound/noise-free-sound-0616.wav,wav,
337,5.0,/scratch/cvlachos/MUSAN/musan/noise/free-sound/noise-free-sound-0353.wav,wav,
338,5.0,/scratch/cvlachos/MUSAN/musan/noise/free-sound/noise-free-sound-0095.wav,wav,
339,5.0,/scratch/cvlachos/MUSAN/musan/noise/free-sound/noise-free-sound-0732.wav,wav,
340,5.0,/scratch/cvlachos/MUSAN/musan/noise/free-sound/noise-free-sound-0044.wav,wav,
341,5.0,/scratch/cvlachos/MUSAN/musan/noise/free-sound/noise-free-sound-0425.wav,wav,
342,5.0,/scratch/cvlachos/MUSAN/musan/noise/free-sound/noise-free-sound-0382.wav,wav,
343,5.0,/scratch/cvlachos/MUSAN/musan/noise/free-sound/noise-free-sound-0321.wav,wav,
344,5.0,/scratch/cvlachos/MUSAN/musan/noise/free-sound/noise-free-sound-0486.wav,wav,
345,5.0,/scratch/cvlachos/MUSAN/musan/noise/free-sound/noise-free-sound-0740.wav,wav,
346,5.0,/scratch/cvlachos/MUSAN/musan/noise/free-sound/noise-free-sound-0791.wav,wav,
347,5.0,/scratch/cvlachos/MUSAN/musan/noise/free-sound/noise-free-sound-0036.wav,wav,
348,5.0,/scratch/cvlachos/MUSAN/musan/noise/free-sound/noise-free-sound-0825.wav,wav,
349,5.0,/scratch/cvlachos/MUSAN/musan/noise/free-sound/noise-free-sound-0457.wav,wav,
350,5.0,/scratch/cvlachos/MUSAN/musan/noise/free-sound/noise-free-sound-0279.wav,wav,
351,5.0,/scratch/cvlachos/MUSAN/musan/noise/free-sound/noise-free-sound-0618.wav,wav,
352,5.0,/scratch/cvlachos/MUSAN/musan/noise/free-sound/noise-free-sound-0112.wav,wav,
353,5.0,/scratch/cvlachos/MUSAN/musan/noise/free-sound/noise-free-sound-0573.wav,wav,
354,5.0,/scratch/cvlachos/MUSAN/musan/noise/free-sound/noise-free-sound-0205.wav,wav,
355,5.0,/scratch/cvlachos/MUSAN/musan/noise/free-sound/noise-free-sound-0664.wav,wav,
356,5.0,/scratch/cvlachos/MUSAN/musan/noise/free-sound/noise-free-sound-0115.wav,wav,
357,5.0,/scratch/cvlachos/MUSAN/musan/noise/free-sound/noise-free-sound-0574.wav,wav,
358,5.0,/scratch/cvlachos/MUSAN/musan/noise/free-sound/noise-free-sound-0202.wav,wav,
359,5.0,/scratch/cvlachos/MUSAN/musan/noise/free-sound/noise-free-sound-0663.wav,wav,
360,5.0,/scratch/cvlachos/MUSAN/musan/noise/free-sound/noise-free-sound-0481.wav,wav,
361,5.0,/scratch/cvlachos/MUSAN/musan/noise/free-sound/noise-free-sound-0326.wav,wav,
362,5.0,/scratch/cvlachos/MUSAN/musan/noise/free-sound/noise-free-sound-0747.wav,wav,
363,5.0,/scratch/cvlachos/MUSAN/musan/noise/free-sound/noise-free-sound-0031.wav,wav,
364,5.0,/scratch/cvlachos/MUSAN/musan/noise/free-sound/noise-free-sound-0796.wav,wav,
365,5.0,/scratch/cvlachos/MUSAN/musan/noise/free-sound/noise-free-sound-0450.wav,wav,
366,5.0,/scratch/cvlachos/MUSAN/musan/noise/free-sound/noise-free-sound-0822.wav,wav,
367,5.0,/scratch/cvlachos/MUSAN/musan/noise/free-sound/noise-free-sound-0169.wav,wav,
368,5.0,/scratch/cvlachos/MUSAN/musan/noise/free-sound/noise-free-sound-0508.wav,wav,
369,5.0,/scratch/cvlachos/MUSAN/musan/noise/free-sound/noise-free-sound-0419.wav,wav,
370,5.0,/scratch/cvlachos/MUSAN/musan/noise/free-sound/noise-free-sound-0078.wav,wav,
371,5.0,/scratch/cvlachos/MUSAN/musan/noise/free-sound/noise-free-sound-0656.wav,wav,
372,5.0,/scratch/cvlachos/MUSAN/musan/noise/free-sound/noise-free-sound-0590.wav,wav,
373,5.0,/scratch/cvlachos/MUSAN/musan/noise/free-sound/noise-free-sound-0237.wav,wav,
374,5.0,/scratch/cvlachos/MUSAN/musan/noise/free-sound/noise-free-sound-0541.wav,wav,
375,5.0,/scratch/cvlachos/MUSAN/musan/noise/free-sound/noise-free-sound-0120.wav,wav,
376,5.0,/scratch/cvlachos/MUSAN/musan/noise/free-sound/noise-free-sound-0687.wav,wav,
377,5.0,/scratch/cvlachos/MUSAN/musan/noise/free-sound/noise-free-sound-0465.wav,wav,
378,5.0,/scratch/cvlachos/MUSAN/musan/noise/free-sound/noise-free-sound-0817.wav,wav,
379,5.0,/scratch/cvlachos/MUSAN/musan/noise/free-sound/noise-free-sound-0004.wav,wav,
380,5.0,/scratch/cvlachos/MUSAN/musan/noise/free-sound/noise-free-sound-0772.wav,wav,
381,5.0,/scratch/cvlachos/MUSAN/musan/noise/free-sound/noise-free-sound-0313.wav,wav,
382,5.0,/scratch/cvlachos/MUSAN/musan/noise/free-sound/noise-free-sound-0810.wav,wav,
383,5.0,/scratch/cvlachos/MUSAN/musan/noise/free-sound/noise-free-sound-0462.wav,wav,
384,5.0,/scratch/cvlachos/MUSAN/musan/noise/free-sound/noise-free-sound-0003.wav,wav,
385,5.0,/scratch/cvlachos/MUSAN/musan/noise/free-sound/noise-free-sound-0775.wav,wav,
386,5.0,/scratch/cvlachos/MUSAN/musan/noise/free-sound/noise-free-sound-0314.wav,wav,
387,5.0,/scratch/cvlachos/MUSAN/musan/noise/free-sound/noise-free-sound-0709.wav,wav,
388,5.0,/scratch/cvlachos/MUSAN/musan/noise/free-sound/noise-free-sound-0368.wav,wav,
389,5.0,/scratch/cvlachos/MUSAN/musan/noise/free-sound/noise-free-sound-0651.wav,wav,
390,5.0,/scratch/cvlachos/MUSAN/musan/noise/free-sound/noise-free-sound-0230.wav,wav,
391,5.0,/scratch/cvlachos/MUSAN/musan/noise/free-sound/noise-free-sound-0597.wav,wav,
392,5.0,/scratch/cvlachos/MUSAN/musan/noise/free-sound/noise-free-sound-0546.wav,wav,
393,5.0,/scratch/cvlachos/MUSAN/musan/noise/free-sound/noise-free-sound-0680.wav,wav,
394,5.0,/scratch/cvlachos/MUSAN/musan/noise/free-sound/noise-free-sound-0127.wav,wav,
395,5.0,/scratch/cvlachos/MUSAN/musan/noise/free-sound/noise-free-sound-0184.wav,wav,
396,5.0,/scratch/cvlachos/MUSAN/musan/noise/free-sound/noise-free-sound-0623.wav,wav,
397,5.0,/scratch/cvlachos/MUSAN/musan/noise/free-sound/noise-free-sound-0242.wav,wav,
398,5.0,/scratch/cvlachos/MUSAN/musan/noise/free-sound/noise-free-sound-0534.wav,wav,
399,5.0,/scratch/cvlachos/MUSAN/musan/noise/free-sound/noise-free-sound-0293.wav,wav,
400,5.0,/scratch/cvlachos/MUSAN/musan/noise/free-sound/noise-free-sound-0155.wav,wav,
401,5.0,/scratch/cvlachos/MUSAN/musan/noise/free-sound/noise-free-sound-0410.wav,wav,
402,5.0,/scratch/cvlachos/MUSAN/musan/noise/free-sound/noise-free-sound-0071.wav,wav,
403,5.0,/scratch/cvlachos/MUSAN/musan/noise/free-sound/noise-free-sound-0707.wav,wav,
404,5.0,/scratch/cvlachos/MUSAN/musan/noise/free-sound/noise-free-sound-0366.wav,wav,
405,5.0,/scratch/cvlachos/MUSAN/musan/noise/free-sound/noise-free-sound-0599.wav,wav,
406,5.0,/scratch/cvlachos/MUSAN/musan/noise/free-sound/noise-free-sound-0548.wav,wav,
407,5.0,/scratch/cvlachos/MUSAN/musan/noise/free-sound/noise-free-sound-0129.wav,wav,
408,5.0,/scratch/cvlachos/MUSAN/musan/noise/free-sound/noise-free-sound-0417.wav,wav,
409,5.0,/scratch/cvlachos/MUSAN/musan/noise/free-sound/noise-free-sound-0076.wav,wav,
410,5.0,/scratch/cvlachos/MUSAN/musan/noise/free-sound/noise-free-sound-0700.wav,wav,
411,5.0,/scratch/cvlachos/MUSAN/musan/noise/free-sound/noise-free-sound-0361.wav,wav,
412,5.0,/scratch/cvlachos/MUSAN/musan/noise/free-sound/noise-free-sound-0658.wav,wav,
413,5.0,/scratch/cvlachos/MUSAN/musan/noise/free-sound/noise-free-sound-0239.wav,wav,
414,5.0,/scratch/cvlachos/MUSAN/musan/noise/free-sound/noise-free-sound-0689.wav,wav,
415,5.0,/scratch/cvlachos/MUSAN/musan/noise/free-sound/noise-free-sound-0819.wav,wav,
416,5.0,/scratch/cvlachos/MUSAN/musan/noise/free-sound/noise-free-sound-0624.wav,wav,
417,5.0,/scratch/cvlachos/MUSAN/musan/noise/free-sound/noise-free-sound-0183.wav,wav,
418,5.0,/scratch/cvlachos/MUSAN/musan/noise/free-sound/noise-free-sound-0245.wav,wav,
419,5.0,/scratch/cvlachos/MUSAN/musan/noise/free-sound/noise-free-sound-0294.wav,wav,
420,5.0,/scratch/cvlachos/MUSAN/musan/noise/free-sound/noise-free-sound-0533.wav,wav,
421,5.0,/scratch/cvlachos/MUSAN/musan/noise/free-sound/noise-free-sound-0152.wav,wav,
422,5.0,/scratch/cvlachos/MUSAN/musan/noise/free-sound/noise-free-sound-0828.wav,wav,
423,5.0,/scratch/cvlachos/MUSAN/musan/noise/free-sound/noise-free-sound-0502.wav,wav,
424,5.0,/scratch/cvlachos/MUSAN/musan/noise/free-sound/noise-free-sound-0163.wav,wav,
425,5.0,/scratch/cvlachos/MUSAN/musan/noise/free-sound/noise-free-sound-0615.wav,wav,
426,5.0,/scratch/cvlachos/MUSAN/musan/noise/free-sound/noise-free-sound-0274.wav,wav,
427,5.0,/scratch/cvlachos/MUSAN/musan/noise/free-sound/noise-free-sound-0096.wav,wav,
428,5.0,/scratch/cvlachos/MUSAN/musan/noise/free-sound/noise-free-sound-0731.wav,wav,
429,5.0,/scratch/cvlachos/MUSAN/musan/noise/free-sound/noise-free-sound-0350.wav,wav,
430,5.0,/scratch/cvlachos/MUSAN/musan/noise/free-sound/noise-free-sound-0426.wav,wav,
431,5.0,/scratch/cvlachos/MUSAN/musan/noise/free-sound/noise-free-sound-0381.wav,wav,
432,5.0,/scratch/cvlachos/MUSAN/musan/noise/free-sound/noise-free-sound-0047.wav,wav,
433,5.0,/scratch/cvlachos/MUSAN/musan/noise/free-sound/noise-free-sound-0669.wav,wav,
434,5.0,/scratch/cvlachos/MUSAN/musan/noise/free-sound/noise-free-sound-0208.wav,wav,
435,5.0,/scratch/cvlachos/MUSAN/musan/noise/free-sound/noise-free-sound-0736.wav,wav,
436,5.0,/scratch/cvlachos/MUSAN/musan/noise/free-sound/noise-free-sound-0091.wav,wav,
437,5.0,/scratch/cvlachos/MUSAN/musan/noise/free-sound/noise-free-sound-0357.wav,wav,
438,5.0,/scratch/cvlachos/MUSAN/musan/noise/free-sound/noise-free-sound-0386.wav,wav,
439,5.0,/scratch/cvlachos/MUSAN/musan/noise/free-sound/noise-free-sound-0421.wav,wav,
440,5.0,/scratch/cvlachos/MUSAN/musan/noise/free-sound/noise-free-sound-0040.wav,wav,
441,5.0,/scratch/cvlachos/MUSAN/musan/noise/free-sound/noise-free-sound-0579.wav,wav,
442,5.0,/scratch/cvlachos/MUSAN/musan/noise/free-sound/noise-free-sound-0118.wav,wav,
443,5.0,/scratch/cvlachos/MUSAN/musan/noise/free-sound/noise-free-sound-0505.wav,wav,
444,5.0,/scratch/cvlachos/MUSAN/musan/noise/free-sound/noise-free-sound-0164.wav,wav,
445,5.0,/scratch/cvlachos/MUSAN/musan/noise/free-sound/noise-free-sound-0612.wav,wav,
446,5.0,/scratch/cvlachos/MUSAN/musan/noise/free-sound/noise-free-sound-0273.wav,wav,
447,5.0,/scratch/cvlachos/MUSAN/musan/noise/free-sound/noise-free-sound-0738.wav,wav,
448,5.0,/scratch/cvlachos/MUSAN/musan/noise/free-sound/noise-free-sound-0359.wav,wav,
449,5.0,/scratch/cvlachos/MUSAN/musan/noise/free-sound/noise-free-sound-0388.wav,wav,
450,5.0,/scratch/cvlachos/MUSAN/musan/noise/free-sound/noise-free-sound-0577.wav,wav,
451,5.0,/scratch/cvlachos/MUSAN/musan/noise/free-sound/noise-free-sound-0116.wav,wav,
452,5.0,/scratch/cvlachos/MUSAN/musan/noise/free-sound/noise-free-sound-0660.wav,wav,
453,5.0,/scratch/cvlachos/MUSAN/musan/noise/free-sound/noise-free-sound-0201.wav,wav,
454,5.0,/scratch/cvlachos/MUSAN/musan/noise/free-sound/noise-free-sound-0744.wav,wav,
455,5.0,/scratch/cvlachos/MUSAN/musan/noise/free-sound/noise-free-sound-0482.wav,wav,
456,5.0,/scratch/cvlachos/MUSAN/musan/noise/free-sound/noise-free-sound-0325.wav,wav,
457,5.0,/scratch/cvlachos/MUSAN/musan/noise/free-sound/noise-free-sound-0821.wav,wav,
458,5.0,/scratch/cvlachos/MUSAN/musan/noise/free-sound/noise-free-sound-0453.wav,wav,
459,5.0,/scratch/cvlachos/MUSAN/musan/noise/free-sound/noise-free-sound-0032.wav,wav,
460,5.0,/scratch/cvlachos/MUSAN/musan/noise/free-sound/noise-free-sound-0795.wav,wav,
461,5.0,/scratch/cvlachos/MUSAN/musan/noise/free-sound/noise-free-sound-0743.wav,wav,
462,5.0,/scratch/cvlachos/MUSAN/musan/noise/free-sound/noise-free-sound-0322.wav,wav,
463,5.0,/scratch/cvlachos/MUSAN/musan/noise/free-sound/noise-free-sound-0485.wav,wav,
464,5.0,/scratch/cvlachos/MUSAN/musan/noise/free-sound/noise-free-sound-0454.wav,wav,
465,5.0,/scratch/cvlachos/MUSAN/musan/noise/free-sound/noise-free-sound-0826.wav,wav,
466,5.0,/scratch/cvlachos/MUSAN/musan/noise/free-sound/noise-free-sound-0792.wav,wav,
467,5.0,/scratch/cvlachos/MUSAN/musan/noise/free-sound/noise-free-sound-0035.wav,wav,
468,5.0,/scratch/cvlachos/MUSAN/musan/noise/free-sound/noise-free-sound-0098.wav,wav,
469,5.0,/scratch/cvlachos/MUSAN/musan/noise/free-sound/noise-free-sound-0428.wav,wav,
470,5.0,/scratch/cvlachos/MUSAN/musan/noise/free-sound/noise-free-sound-0049.wav,wav,
471,5.0,/scratch/cvlachos/MUSAN/musan/noise/free-sound/noise-free-sound-0570.wav,wav,
472,5.0,/scratch/cvlachos/MUSAN/musan/noise/free-sound/noise-free-sound-0111.wav,wav,
473,5.0,/scratch/cvlachos/MUSAN/musan/noise/free-sound/noise-free-sound-0667.wav,wav,
474,5.0,/scratch/cvlachos/MUSAN/musan/noise/free-sound/noise-free-sound-0206.wav,wav,
475,5.0,/scratch/cvlachos/MUSAN/musan/noise/free-sound/noise-free-sound-0000.wav,wav,
476,5.0,/scratch/cvlachos/MUSAN/musan/noise/free-sound/noise-free-sound-0461.wav,wav,
477,5.0,/scratch/cvlachos/MUSAN/musan/noise/free-sound/noise-free-sound-0813.wav,wav,
478,5.0,/scratch/cvlachos/MUSAN/musan/noise/free-sound/noise-free-sound-0317.wav,wav,
479,5.0,/scratch/cvlachos/MUSAN/musan/noise/free-sound/noise-free-sound-0776.wav,wav,
480,5.0,/scratch/cvlachos/MUSAN/musan/noise/free-sound/noise-free-sound-0189.wav,wav,
481,5.0,/scratch/cvlachos/MUSAN/musan/noise/free-sound/noise-free-sound-0158.wav,wav,
482,5.0,/scratch/cvlachos/MUSAN/musan/noise/free-sound/noise-free-sound-0539.wav,wav,
483,5.0,/scratch/cvlachos/MUSAN/musan/noise/free-sound/noise-free-sound-0233.wav,wav,
484,5.0,/scratch/cvlachos/MUSAN/musan/noise/free-sound/noise-free-sound-0594.wav,wav,
485,5.0,/scratch/cvlachos/MUSAN/musan/noise/free-sound/noise-free-sound-0652.wav,wav,
486,5.0,/scratch/cvlachos/MUSAN/musan/noise/free-sound/noise-free-sound-0683.wav,wav,
487,5.0,/scratch/cvlachos/MUSAN/musan/noise/free-sound/noise-free-sound-0124.wav,wav,
488,5.0,/scratch/cvlachos/MUSAN/musan/noise/free-sound/noise-free-sound-0545.wav,wav,
489,5.0,/scratch/cvlachos/MUSAN/musan/noise/free-sound/noise-free-sound-0593.wav,wav,
490,5.0,/scratch/cvlachos/MUSAN/musan/noise/free-sound/noise-free-sound-0234.wav,wav,
491,5.0,/scratch/cvlachos/MUSAN/musan/noise/free-sound/noise-free-sound-0655.wav,wav,
492,5.0,/scratch/cvlachos/MUSAN/musan/noise/free-sound/noise-free-sound-0123.wav,wav,
493,5.0,/scratch/cvlachos/MUSAN/musan/noise/free-sound/noise-free-sound-0684.wav,wav,
494,5.0,/scratch/cvlachos/MUSAN/musan/noise/free-sound/noise-free-sound-0542.wav,wav,
495,5.0,/scratch/cvlachos/MUSAN/musan/noise/free-sound/noise-free-sound-0007.wav,wav,
496,5.0,/scratch/cvlachos/MUSAN/musan/noise/free-sound/noise-free-sound-0814.wav,wav,
497,5.0,/scratch/cvlachos/MUSAN/musan/noise/free-sound/noise-free-sound-0466.wav,wav,
498,5.0,/scratch/cvlachos/MUSAN/musan/noise/free-sound/noise-free-sound-0310.wav,wav,
499,5.0,/scratch/cvlachos/MUSAN/musan/noise/free-sound/noise-free-sound-0771.wav,wav,
500,5.0,/scratch/cvlachos/MUSAN/musan/noise/free-sound/noise-free-sound-0248.wav,wav,
501,5.0,/scratch/cvlachos/MUSAN/musan/noise/free-sound/noise-free-sound-0629.wav,wav,
502,5.0,/scratch/cvlachos/MUSAN/musan/noise/free-sound/noise-free-sound-0299.wav,wav,
503,5.0,/scratch/cvlachos/MUSAN/musan/noise/free-sound/noise-free-sound-0075.wav,wav,
504,5.0,/scratch/cvlachos/MUSAN/musan/noise/free-sound/noise-free-sound-0414.wav,wav,
505,5.0,/scratch/cvlachos/MUSAN/musan/noise/free-sound/noise-free-sound-0362.wav,wav,
506,5.0,/scratch/cvlachos/MUSAN/musan/noise/free-sound/noise-free-sound-0703.wav,wav,
507,5.0,/scratch/cvlachos/MUSAN/musan/noise/free-sound/noise-free-sound-0009.wav,wav,
508,5.0,/scratch/cvlachos/MUSAN/musan/noise/free-sound/noise-free-sound-0468.wav,wav,
509,5.0,/scratch/cvlachos/MUSAN/musan/noise/free-sound/noise-free-sound-0246.wav,wav,
510,5.0,/scratch/cvlachos/MUSAN/musan/noise/free-sound/noise-free-sound-0627.wav,wav,
511,5.0,/scratch/cvlachos/MUSAN/musan/noise/free-sound/noise-free-sound-0180.wav,wav,
512,5.0,/scratch/cvlachos/MUSAN/musan/noise/free-sound/noise-free-sound-0151.wav,wav,
513,5.0,/scratch/cvlachos/MUSAN/musan/noise/free-sound/noise-free-sound-0297.wav,wav,
514,5.0,/scratch/cvlachos/MUSAN/musan/noise/free-sound/noise-free-sound-0530.wav,wav,
515,5.0,/scratch/cvlachos/MUSAN/musan/noise/free-sound/noise-free-sound-0319.wav,wav,
516,5.0,/scratch/cvlachos/MUSAN/musan/noise/free-sound/noise-free-sound-0778.wav,wav,
517,5.0,/scratch/cvlachos/MUSAN/musan/noise/free-sound/noise-free-sound-0241.wav,wav,
518,5.0,/scratch/cvlachos/MUSAN/musan/noise/free-sound/noise-free-sound-0187.wav,wav,
519,5.0,/scratch/cvlachos/MUSAN/musan/noise/free-sound/noise-free-sound-0620.wav,wav,
520,5.0,/scratch/cvlachos/MUSAN/musan/noise/free-sound/noise-free-sound-0156.wav,wav,
521,5.0,/scratch/cvlachos/MUSAN/musan/noise/free-sound/noise-free-sound-0537.wav,wav,
522,5.0,/scratch/cvlachos/MUSAN/musan/noise/free-sound/noise-free-sound-0290.wav,wav,
523,5.0,/scratch/cvlachos/MUSAN/musan/noise/free-sound/noise-free-sound-0072.wav,wav,
524,5.0,/scratch/cvlachos/MUSAN/musan/noise/free-sound/noise-free-sound-0413.wav,wav,
525,5.0,/scratch/cvlachos/MUSAN/musan/noise/free-sound/noise-free-sound-0365.wav,wav,
526,5.0,/scratch/cvlachos/MUSAN/musan/noise/free-sound/noise-free-sound-0704.wav,wav,
527,5.0,/scratch/cvlachos/MUSAN/musan/noise/free-sound/noise-free-sound-0147.wav,wav,
528,5.0,/scratch/cvlachos/MUSAN/musan/noise/free-sound/noise-free-sound-0281.wav,wav,
529,5.0,/scratch/cvlachos/MUSAN/musan/noise/free-sound/noise-free-sound-0526.wav,wav,
530,5.0,/scratch/cvlachos/MUSAN/musan/noise/free-sound/noise-free-sound-0250.wav,wav,
531,5.0,/scratch/cvlachos/MUSAN/musan/noise/free-sound/noise-free-sound-0631.wav,wav,
532,5.0,/scratch/cvlachos/MUSAN/musan/noise/free-sound/noise-free-sound-0196.wav,wav,
533,5.0,/scratch/cvlachos/MUSAN/musan/noise/free-sound/noise-free-sound-0308.wav,wav,
534,5.0,/scratch/cvlachos/MUSAN/musan/noise/free-sound/noise-free-sound-0769.wav,wav,
535,5.0,/scratch/cvlachos/MUSAN/musan/noise/free-sound/noise-free-sound-0374.wav,wav,
536,5.0,/scratch/cvlachos/MUSAN/musan/noise/free-sound/noise-free-sound-0715.wav,wav,
537,5.0,/scratch/cvlachos/MUSAN/musan/noise/free-sound/noise-free-sound-0063.wav,wav,
538,5.0,/scratch/cvlachos/MUSAN/musan/noise/free-sound/noise-free-sound-0402.wav,wav,
539,5.0,/scratch/cvlachos/MUSAN/musan/noise/free-sound/noise-free-sound-0373.wav,wav,
540,5.0,/scratch/cvlachos/MUSAN/musan/noise/free-sound/noise-free-sound-0712.wav,wav,
541,5.0,/scratch/cvlachos/MUSAN/musan/noise/free-sound/noise-free-sound-0064.wav,wav,
542,5.0,/scratch/cvlachos/MUSAN/musan/noise/free-sound/noise-free-sound-0405.wav,wav,
543,5.0,/scratch/cvlachos/MUSAN/musan/noise/free-sound/noise-free-sound-0140.wav,wav,
544,5.0,/scratch/cvlachos/MUSAN/musan/noise/free-sound/noise-free-sound-0521.wav,wav,
545,5.0,/scratch/cvlachos/MUSAN/musan/noise/free-sound/noise-free-sound-0286.wav,wav,
546,5.0,/scratch/cvlachos/MUSAN/musan/noise/free-sound/noise-free-sound-0257.wav,wav,
547,5.0,/scratch/cvlachos/MUSAN/musan/noise/free-sound/noise-free-sound-0191.wav,wav,
548,5.0,/scratch/cvlachos/MUSAN/musan/noise/free-sound/noise-free-sound-0636.wav,wav,
549,5.0,/scratch/cvlachos/MUSAN/musan/noise/free-sound/noise-free-sound-0018.wav,wav,
550,5.0,/scratch/cvlachos/MUSAN/musan/noise/free-sound/noise-free-sound-0479.wav,wav,
551,5.0,/scratch/cvlachos/MUSAN/musan/noise/free-sound/noise-free-sound-0695.wav,wav,
552,5.0,/scratch/cvlachos/MUSAN/musan/noise/free-sound/noise-free-sound-0132.wav,wav,
553,5.0,/scratch/cvlachos/MUSAN/musan/noise/free-sound/noise-free-sound-0553.wav,wav,
554,5.0,/scratch/cvlachos/MUSAN/musan/noise/free-sound/noise-free-sound-0225.wav,wav,
555,5.0,/scratch/cvlachos/MUSAN/musan/noise/free-sound/noise-free-sound-0582.wav,wav,
556,5.0,/scratch/cvlachos/MUSAN/musan/noise/free-sound/noise-free-sound-0644.wav,wav,
557,5.0,/scratch/cvlachos/MUSAN/musan/noise/free-sound/noise-free-sound-0288.wav,wav,
558,5.0,/scratch/cvlachos/MUSAN/musan/noise/free-sound/noise-free-sound-0259.wav,wav,
559,5.0,/scratch/cvlachos/MUSAN/musan/noise/free-sound/noise-free-sound-0638.wav,wav,
560,5.0,/scratch/cvlachos/MUSAN/musan/noise/free-sound/noise-free-sound-0301.wav,wav,
561,5.0,/scratch/cvlachos/MUSAN/musan/noise/free-sound/noise-free-sound-0760.wav,wav,
562,5.0,/scratch/cvlachos/MUSAN/musan/noise/free-sound/noise-free-sound-0016.wav,wav,
563,5.0,/scratch/cvlachos/MUSAN/musan/noise/free-sound/noise-free-sound-0477.wav,wav,
564,5.0,/scratch/cvlachos/MUSAN/musan/noise/free-sound/noise-free-sound-0805.wav,wav,
565,5.0,/scratch/cvlachos/MUSAN/musan/noise/free-sound/noise-free-sound-0149.wav,wav,
566,5.0,/scratch/cvlachos/MUSAN/musan/noise/free-sound/noise-free-sound-0528.wav,wav,
567,5.0,/scratch/cvlachos/MUSAN/musan/noise/free-sound/noise-free-sound-0198.wav,wav,
568,5.0,/scratch/cvlachos/MUSAN/musan/noise/free-sound/noise-free-sound-0306.wav,wav,
569,5.0,/scratch/cvlachos/MUSAN/musan/noise/free-sound/noise-free-sound-0767.wav,wav,
570,5.0,/scratch/cvlachos/MUSAN/musan/noise/free-sound/noise-free-sound-0011.wav,wav,
571,5.0,/scratch/cvlachos/MUSAN/musan/noise/free-sound/noise-free-sound-0802.wav,wav,
572,5.0,/scratch/cvlachos/MUSAN/musan/noise/free-sound/noise-free-sound-0470.wav,wav,
573,5.0,/scratch/cvlachos/MUSAN/musan/noise/free-sound/noise-free-sound-0135.wav,wav,
574,5.0,/scratch/cvlachos/MUSAN/musan/noise/free-sound/noise-free-sound-0692.wav,wav,
575,5.0,/scratch/cvlachos/MUSAN/musan/noise/free-sound/noise-free-sound-0554.wav,wav,
576,5.0,/scratch/cvlachos/MUSAN/musan/noise/free-sound/noise-free-sound-0585.wav,wav,
577,5.0,/scratch/cvlachos/MUSAN/musan/noise/free-sound/noise-free-sound-0222.wav,wav,
578,5.0,/scratch/cvlachos/MUSAN/musan/noise/free-sound/noise-free-sound-0643.wav,wav,
579,5.0,/scratch/cvlachos/MUSAN/musan/noise/free-sound/noise-free-sound-0837.wav,wav,
580,5.0,/scratch/cvlachos/MUSAN/musan/noise/free-sound/noise-free-sound-0445.wav,wav,
581,5.0,/scratch/cvlachos/MUSAN/musan/noise/free-sound/noise-free-sound-0024.wav,wav,
582,5.0,/scratch/cvlachos/MUSAN/musan/noise/free-sound/noise-free-sound-0783.wav,wav,
583,5.0,/scratch/cvlachos/MUSAN/musan/noise/free-sound/noise-free-sound-0752.wav,wav,
584,5.0,/scratch/cvlachos/MUSAN/musan/noise/free-sound/noise-free-sound-0494.wav,wav,
585,5.0,/scratch/cvlachos/MUSAN/musan/noise/free-sound/noise-free-sound-0333.wav,wav,
586,5.0,/scratch/cvlachos/MUSAN/musan/noise/free-sound/noise-free-sound-0676.wav,wav,
587,5.0,/scratch/cvlachos/MUSAN/musan/noise/free-sound/noise-free-sound-0217.wav,wav,
588,5.0,/scratch/cvlachos/MUSAN/musan/noise/free-sound/noise-free-sound-0561.wav,wav,
589,5.0,/scratch/cvlachos/MUSAN/musan/noise/free-sound/noise-free-sound-0100.wav,wav,
590,5.0,/scratch/cvlachos/MUSAN/musan/noise/free-sound/noise-free-sound-0439.wav,wav,
591,5.0,/scratch/cvlachos/MUSAN/musan/noise/free-sound/noise-free-sound-0058.wav,wav,
592,5.0,/scratch/cvlachos/MUSAN/musan/noise/free-sound/noise-free-sound-0089.wav,wav,
593,5.0,/scratch/cvlachos/MUSAN/musan/noise/free-sound/noise-free-sound-0671.wav,wav,
594,5.0,/scratch/cvlachos/MUSAN/musan/noise/free-sound/noise-free-sound-0210.wav,wav,
595,5.0,/scratch/cvlachos/MUSAN/musan/noise/free-sound/noise-free-sound-0566.wav,wav,
596,5.0,/scratch/cvlachos/MUSAN/musan/noise/free-sound/noise-free-sound-0107.wav,wav,
597,5.0,/scratch/cvlachos/MUSAN/musan/noise/free-sound/noise-free-sound-0399.wav,wav,
598,5.0,/scratch/cvlachos/MUSAN/musan/noise/free-sound/noise-free-sound-0729.wav,wav,
599,5.0,/scratch/cvlachos/MUSAN/musan/noise/free-sound/noise-free-sound-0348.wav,wav,
600,5.0,/scratch/cvlachos/MUSAN/musan/noise/free-sound/noise-free-sound-0442.wav,wav,
601,5.0,/scratch/cvlachos/MUSAN/musan/noise/free-sound/noise-free-sound-0830.wav,wav,
602,5.0,/scratch/cvlachos/MUSAN/musan/noise/free-sound/noise-free-sound-0784.wav,wav,
603,5.0,/scratch/cvlachos/MUSAN/musan/noise/free-sound/noise-free-sound-0023.wav,wav,
604,5.0,/scratch/cvlachos/MUSAN/musan/noise/free-sound/noise-free-sound-0755.wav,wav,
605,5.0,/scratch/cvlachos/MUSAN/musan/noise/free-sound/noise-free-sound-0334.wav,wav,
606,5.0,/scratch/cvlachos/MUSAN/musan/noise/free-sound/noise-free-sound-0493.wav,wav,
607,5.0,/scratch/cvlachos/MUSAN/musan/noise/free-sound/noise-free-sound-0568.wav,wav,
608,5.0,/scratch/cvlachos/MUSAN/musan/noise/free-sound/noise-free-sound-0109.wav,wav,
609,5.0,/scratch/cvlachos/MUSAN/musan/noise/free-sound/noise-free-sound-0430.wav,wav,
610,5.0,/scratch/cvlachos/MUSAN/musan/noise/free-sound/noise-free-sound-0842.wav,wav,
611,5.0,/scratch/cvlachos/MUSAN/musan/noise/free-sound/noise-free-sound-0397.wav,wav,
612,5.0,/scratch/cvlachos/MUSAN/musan/noise/free-sound/noise-free-sound-0051.wav,wav,
613,5.0,/scratch/cvlachos/MUSAN/musan/noise/free-sound/noise-free-sound-0080.wav,wav,
614,5.0,/scratch/cvlachos/MUSAN/musan/noise/free-sound/noise-free-sound-0727.wav,wav,
615,5.0,/scratch/cvlachos/MUSAN/musan/noise/free-sound/noise-free-sound-0346.wav,wav,
616,5.0,/scratch/cvlachos/MUSAN/musan/noise/free-sound/noise-free-sound-0603.wav,wav,
617,5.0,/scratch/cvlachos/MUSAN/musan/noise/free-sound/noise-free-sound-0262.wav,wav,
618,5.0,/scratch/cvlachos/MUSAN/musan/noise/free-sound/noise-free-sound-0514.wav,wav,
619,5.0,/scratch/cvlachos/MUSAN/musan/noise/free-sound/noise-free-sound-0175.wav,wav,
620,5.0,/scratch/cvlachos/MUSAN/musan/noise/free-sound/noise-free-sound-0604.wav,wav,
621,5.0,/scratch/cvlachos/MUSAN/musan/noise/free-sound/noise-free-sound-0265.wav,wav,
622,5.0,/scratch/cvlachos/MUSAN/musan/noise/free-sound/noise-free-sound-0513.wav,wav,
623,5.0,/scratch/cvlachos/MUSAN/musan/noise/free-sound/noise-free-sound-0172.wav,wav,
624,5.0,/scratch/cvlachos/MUSAN/musan/noise/free-sound/noise-free-sound-0839.wav,wav,
625,5.0,/scratch/cvlachos/MUSAN/musan/noise/free-sound/noise-free-sound-0678.wav,wav,
626,5.0,/scratch/cvlachos/MUSAN/musan/noise/free-sound/noise-free-sound-0219.wav,wav,
627,5.0,/scratch/cvlachos/MUSAN/musan/noise/free-sound/noise-free-sound-0390.wav,wav,
628,5.0,/scratch/cvlachos/MUSAN/musan/noise/free-sound/noise-free-sound-0437.wav,wav,
629,5.0,/scratch/cvlachos/MUSAN/musan/noise/free-sound/noise-free-sound-0056.wav,wav,
630,5.0,/scratch/cvlachos/MUSAN/musan/noise/free-sound/noise-free-sound-0720.wav,wav,
631,5.0,/scratch/cvlachos/MUSAN/musan/noise/free-sound/noise-free-sound-0087.wav,wav,
632,5.0,/scratch/cvlachos/MUSAN/musan/noise/free-sound/noise-free-sound-0341.wav,wav,
633,5.0,/scratch/cvlachos/MUSAN/musan/noise/free-sound/noise-free-sound-0318.wav,wav,
634,5.0,/scratch/cvlachos/MUSAN/musan/noise/free-sound/noise-free-sound-0779.wav,wav,
635,5.0,/scratch/cvlachos/MUSAN/musan/noise/free-sound/noise-free-sound-0240.wav,wav,
636,5.0,/scratch/cvlachos/MUSAN/musan/noise/free-sound/noise-free-sound-0621.wav,wav,
637,5.0,/scratch/cvlachos/MUSAN/musan/noise/free-sound/noise-free-sound-0186.wav,wav,
638,5.0,/scratch/cvlachos/MUSAN/musan/noise/free-sound/noise-free-sound-0157.wav,wav,
639,5.0,/scratch/cvlachos/MUSAN/musan/noise/free-sound/noise-free-sound-0291.wav,wav,
640,5.0,/scratch/cvlachos/MUSAN/musan/noise/free-sound/noise-free-sound-0536.wav,wav,
641,5.0,/scratch/cvlachos/MUSAN/musan/noise/free-sound/noise-free-sound-0073.wav,wav,
642,5.0,/scratch/cvlachos/MUSAN/musan/noise/free-sound/noise-free-sound-0412.wav,wav,
643,5.0,/scratch/cvlachos/MUSAN/musan/noise/free-sound/noise-free-sound-0364.wav,wav,
644,5.0,/scratch/cvlachos/MUSAN/musan/noise/free-sound/noise-free-sound-0705.wav,wav,
645,5.0,/scratch/cvlachos/MUSAN/musan/noise/free-sound/noise-free-sound-0074.wav,wav,
646,5.0,/scratch/cvlachos/MUSAN/musan/noise/free-sound/noise-free-sound-0415.wav,wav,
647,5.0,/scratch/cvlachos/MUSAN/musan/noise/free-sound/noise-free-sound-0363.wav,wav,
648,5.0,/scratch/cvlachos/MUSAN/musan/noise/free-sound/noise-free-sound-0702.wav,wav,
649,5.0,/scratch/cvlachos/MUSAN/musan/noise/free-sound/noise-free-sound-0008.wav,wav,
650,5.0,/scratch/cvlachos/MUSAN/musan/noise/free-sound/noise-free-sound-0469.wav,wav,
651,5.0,/scratch/cvlachos/MUSAN/musan/noise/free-sound/noise-free-sound-0247.wav,wav,
652,5.0,/scratch/cvlachos/MUSAN/musan/noise/free-sound/noise-free-sound-0181.wav,wav,
653,5.0,/scratch/cvlachos/MUSAN/musan/noise/free-sound/noise-free-sound-0626.wav,wav,
654,5.0,/scratch/cvlachos/MUSAN/musan/noise/free-sound/noise-free-sound-0150.wav,wav,
655,5.0,/scratch/cvlachos/MUSAN/musan/noise/free-sound/noise-free-sound-0531.wav,wav,
656,5.0,/scratch/cvlachos/MUSAN/musan/noise/free-sound/noise-free-sound-0296.wav,wav,
657,5.0,/scratch/cvlachos/MUSAN/musan/noise/free-sound/noise-free-sound-0235.wav,wav,
658,5.0,/scratch/cvlachos/MUSAN/musan/noise/free-sound/noise-free-sound-0592.wav,wav,
659,5.0,/scratch/cvlachos/MUSAN/musan/noise/free-sound/noise-free-sound-0654.wav,wav,
660,5.0,/scratch/cvlachos/MUSAN/musan/noise/free-sound/noise-free-sound-0685.wav,wav,
661,5.0,/scratch/cvlachos/MUSAN/musan/noise/free-sound/noise-free-sound-0122.wav,wav,
662,5.0,/scratch/cvlachos/MUSAN/musan/noise/free-sound/noise-free-sound-0543.wav,wav,
663,5.0,/scratch/cvlachos/MUSAN/musan/noise/free-sound/noise-free-sound-0006.wav,wav,
664,5.0,/scratch/cvlachos/MUSAN/musan/noise/free-sound/noise-free-sound-0815.wav,wav,
665,5.0,/scratch/cvlachos/MUSAN/musan/noise/free-sound/noise-free-sound-0467.wav,wav,
666,5.0,/scratch/cvlachos/MUSAN/musan/noise/free-sound/noise-free-sound-0311.wav,wav,
667,5.0,/scratch/cvlachos/MUSAN/musan/noise/free-sound/noise-free-sound-0770.wav,wav,
668,5.0,/scratch/cvlachos/MUSAN/musan/noise/free-sound/noise-free-sound-0249.wav,wav,
669,5.0,/scratch/cvlachos/MUSAN/musan/noise/free-sound/noise-free-sound-0628.wav,wav,
670,5.0,/scratch/cvlachos/MUSAN/musan/noise/free-sound/noise-free-sound-0298.wav,wav,
671,5.0,/scratch/cvlachos/MUSAN/musan/noise/free-sound/noise-free-sound-0001.wav,wav,
672,5.0,/scratch/cvlachos/MUSAN/musan/noise/free-sound/noise-free-sound-0460.wav,wav,
673,5.0,/scratch/cvlachos/MUSAN/musan/noise/free-sound/noise-free-sound-0812.wav,wav,
674,5.0,/scratch/cvlachos/MUSAN/musan/noise/free-sound/noise-free-sound-0316.wav,wav,
675,5.0,/scratch/cvlachos/MUSAN/musan/noise/free-sound/noise-free-sound-0777.wav,wav,
676,5.0,/scratch/cvlachos/MUSAN/musan/noise/free-sound/noise-free-sound-0188.wav,wav,
677,5.0,/scratch/cvlachos/MUSAN/musan/noise/free-sound/noise-free-sound-0159.wav,wav,
678,5.0,/scratch/cvlachos/MUSAN/musan/noise/free-sound/noise-free-sound-0538.wav,wav,
679,5.0,/scratch/cvlachos/MUSAN/musan/noise/free-sound/noise-free-sound-0595.wav,wav,
680,5.0,/scratch/cvlachos/MUSAN/musan/noise/free-sound/noise-free-sound-0232.wav,wav,
681,5.0,/scratch/cvlachos/MUSAN/musan/noise/free-sound/noise-free-sound-0653.wav,wav,
682,5.0,/scratch/cvlachos/MUSAN/musan/noise/free-sound/noise-free-sound-0125.wav,wav,
683,5.0,/scratch/cvlachos/MUSAN/musan/noise/free-sound/noise-free-sound-0682.wav,wav,
684,5.0,/scratch/cvlachos/MUSAN/musan/noise/free-sound/noise-free-sound-0544.wav,wav,
685,5.0,/scratch/cvlachos/MUSAN/musan/noise/free-sound/noise-free-sound-0742.wav,wav,
686,5.0,/scratch/cvlachos/MUSAN/musan/noise/free-sound/noise-free-sound-0484.wav,wav,
687,5.0,/scratch/cvlachos/MUSAN/musan/noise/free-sound/noise-free-sound-0323.wav,wav,
688,5.0,/scratch/cvlachos/MUSAN/musan/noise/free-sound/noise-free-sound-0455.wav,wav,
689,5.0,/scratch/cvlachos/MUSAN/musan/noise/free-sound/noise-free-sound-0827.wav,wav,
690,5.0,/scratch/cvlachos/MUSAN/musan/noise/free-sound/noise-free-sound-0034.wav,wav,
691,5.0,/scratch/cvlachos/MUSAN/musan/noise/free-sound/noise-free-sound-0793.wav,wav,
692,5.0,/scratch/cvlachos/MUSAN/musan/noise/free-sound/noise-free-sound-0099.wav,wav,
693,5.0,/scratch/cvlachos/MUSAN/musan/noise/free-sound/noise-free-sound-0429.wav,wav,
694,5.0,/scratch/cvlachos/MUSAN/musan/noise/free-sound/noise-free-sound-0048.wav,wav,
695,5.0,/scratch/cvlachos/MUSAN/musan/noise/free-sound/noise-free-sound-0571.wav,wav,
696,5.0,/scratch/cvlachos/MUSAN/musan/noise/free-sound/noise-free-sound-0110.wav,wav,
697,5.0,/scratch/cvlachos/MUSAN/musan/noise/free-sound/noise-free-sound-0666.wav,wav,
698,5.0,/scratch/cvlachos/MUSAN/musan/noise/free-sound/noise-free-sound-0207.wav,wav,
699,5.0,/scratch/cvlachos/MUSAN/musan/noise/free-sound/noise-free-sound-0739.wav,wav,
700,5.0,/scratch/cvlachos/MUSAN/musan/noise/free-sound/noise-free-sound-0358.wav,wav,
701,5.0,/scratch/cvlachos/MUSAN/musan/noise/free-sound/noise-free-sound-0389.wav,wav,
702,5.0,/scratch/cvlachos/MUSAN/musan/noise/free-sound/noise-free-sound-0576.wav,wav,
703,5.0,/scratch/cvlachos/MUSAN/musan/noise/free-sound/noise-free-sound-0117.wav,wav,
704,5.0,/scratch/cvlachos/MUSAN/musan/noise/free-sound/noise-free-sound-0661.wav,wav,
705,5.0,/scratch/cvlachos/MUSAN/musan/noise/free-sound/noise-free-sound-0200.wav,wav,
706,5.0,/scratch/cvlachos/MUSAN/musan/noise/free-sound/noise-free-sound-0745.wav,wav,
707,5.0,/scratch/cvlachos/MUSAN/musan/noise/free-sound/noise-free-sound-0324.wav,wav,
708,5.0,/scratch/cvlachos/MUSAN/musan/noise/free-sound/noise-free-sound-0483.wav,wav,
709,5.0,/scratch/cvlachos/MUSAN/musan/noise/free-sound/noise-free-sound-0820.wav,wav,
710,5.0,/scratch/cvlachos/MUSAN/musan/noise/free-sound/noise-free-sound-0452.wav,wav,
711,5.0,/scratch/cvlachos/MUSAN/musan/noise/free-sound/noise-free-sound-0794.wav,wav,
712,5.0,/scratch/cvlachos/MUSAN/musan/noise/free-sound/noise-free-sound-0033.wav,wav,
713,5.0,/scratch/cvlachos/MUSAN/musan/noise/free-sound/noise-free-sound-0090.wav,wav,
714,5.0,/scratch/cvlachos/MUSAN/musan/noise/free-sound/noise-free-sound-0737.wav,wav,
715,5.0,/scratch/cvlachos/MUSAN/musan/noise/free-sound/noise-free-sound-0356.wav,wav,
716,5.0,/scratch/cvlachos/MUSAN/musan/noise/free-sound/noise-free-sound-0420.wav,wav,
717,5.0,/scratch/cvlachos/MUSAN/musan/noise/free-sound/noise-free-sound-0387.wav,wav,
718,5.0,/scratch/cvlachos/MUSAN/musan/noise/free-sound/noise-free-sound-0041.wav,wav,
719,5.0,/scratch/cvlachos/MUSAN/musan/noise/free-sound/noise-free-sound-0578.wav,wav,
720,5.0,/scratch/cvlachos/MUSAN/musan/noise/free-sound/noise-free-sound-0119.wav,wav,
721,5.0,/scratch/cvlachos/MUSAN/musan/noise/free-sound/noise-free-sound-0504.wav,wav,
722,5.0,/scratch/cvlachos/MUSAN/musan/noise/free-sound/noise-free-sound-0165.wav,wav,
723,5.0,/scratch/cvlachos/MUSAN/musan/noise/free-sound/noise-free-sound-0613.wav,wav,
724,5.0,/scratch/cvlachos/MUSAN/musan/noise/free-sound/noise-free-sound-0272.wav,wav,
725,5.0,/scratch/cvlachos/MUSAN/musan/noise/free-sound/noise-free-sound-0829.wav,wav,
726,5.0,/scratch/cvlachos/MUSAN/musan/noise/free-sound/noise-free-sound-0503.wav,wav,
727,5.0,/scratch/cvlachos/MUSAN/musan/noise/free-sound/noise-free-sound-0162.wav,wav,
728,5.0,/scratch/cvlachos/MUSAN/musan/noise/free-sound/noise-free-sound-0614.wav,wav,
729,5.0,/scratch/cvlachos/MUSAN/musan/noise/free-sound/noise-free-sound-0275.wav,wav,
730,5.0,/scratch/cvlachos/MUSAN/musan/noise/free-sound/noise-free-sound-0730.wav,wav,
731,5.0,/scratch/cvlachos/MUSAN/musan/noise/free-sound/noise-free-sound-0097.wav,wav,
732,5.0,/scratch/cvlachos/MUSAN/musan/noise/free-sound/noise-free-sound-0351.wav,wav,
733,5.0,/scratch/cvlachos/MUSAN/musan/noise/free-sound/noise-free-sound-0380.wav,wav,
734,5.0,/scratch/cvlachos/MUSAN/musan/noise/free-sound/noise-free-sound-0427.wav,wav,
735,5.0,/scratch/cvlachos/MUSAN/musan/noise/free-sound/noise-free-sound-0046.wav,wav,
736,5.0,/scratch/cvlachos/MUSAN/musan/noise/free-sound/noise-free-sound-0668.wav,wav,
737,5.0,/scratch/cvlachos/MUSAN/musan/noise/free-sound/noise-free-sound-0209.wav,wav,
738,5.0,/scratch/cvlachos/MUSAN/musan/noise/free-sound/noise-free-sound-0605.wav,wav,
739,5.0,/scratch/cvlachos/MUSAN/musan/noise/free-sound/noise-free-sound-0264.wav,wav,
740,5.0,/scratch/cvlachos/MUSAN/musan/noise/free-sound/noise-free-sound-0512.wav,wav,
741,5.0,/scratch/cvlachos/MUSAN/musan/noise/free-sound/noise-free-sound-0173.wav,wav,
742,5.0,/scratch/cvlachos/MUSAN/musan/noise/free-sound/noise-free-sound-0838.wav,wav,
743,5.0,/scratch/cvlachos/MUSAN/musan/noise/free-sound/noise-free-sound-0679.wav,wav,
744,5.0,/scratch/cvlachos/MUSAN/musan/noise/free-sound/noise-free-sound-0218.wav,wav,
745,5.0,/scratch/cvlachos/MUSAN/musan/noise/free-sound/noise-free-sound-0436.wav,wav,
746,5.0,/scratch/cvlachos/MUSAN/musan/noise/free-sound/noise-free-sound-0391.wav,wav,
747,5.0,/scratch/cvlachos/MUSAN/musan/noise/free-sound/noise-free-sound-0057.wav,wav,
748,5.0,/scratch/cvlachos/MUSAN/musan/noise/free-sound/noise-free-sound-0086.wav,wav,
749,5.0,/scratch/cvlachos/MUSAN/musan/noise/free-sound/noise-free-sound-0721.wav,wav,
750,5.0,/scratch/cvlachos/MUSAN/musan/noise/free-sound/noise-free-sound-0340.wav,wav,
751,5.0,/scratch/cvlachos/MUSAN/musan/noise/free-sound/noise-free-sound-0569.wav,wav,
752,5.0,/scratch/cvlachos/MUSAN/musan/noise/free-sound/noise-free-sound-0108.wav,wav,
753,5.0,/scratch/cvlachos/MUSAN/musan/noise/free-sound/noise-free-sound-0396.wav,wav,
754,5.0,/scratch/cvlachos/MUSAN/musan/noise/free-sound/noise-free-sound-0431.wav,wav,
755,5.0,/scratch/cvlachos/MUSAN/musan/noise/free-sound/noise-free-sound-0050.wav,wav,
756,5.0,/scratch/cvlachos/MUSAN/musan/noise/free-sound/noise-free-sound-0726.wav,wav,
757,5.0,/scratch/cvlachos/MUSAN/musan/noise/free-sound/noise-free-sound-0081.wav,wav,
758,5.0,/scratch/cvlachos/MUSAN/musan/noise/free-sound/noise-free-sound-0347.wav,wav,
759,5.0,/scratch/cvlachos/MUSAN/musan/noise/free-sound/noise-free-sound-0602.wav,wav,
760,5.0,/scratch/cvlachos/MUSAN/musan/noise/free-sound/noise-free-sound-0263.wav,wav,
761,5.0,/scratch/cvlachos/MUSAN/musan/noise/free-sound/noise-free-sound-0515.wav,wav,
762,5.0,/scratch/cvlachos/MUSAN/musan/noise/free-sound/noise-free-sound-0174.wav,wav,
763,5.0,/scratch/cvlachos/MUSAN/musan/noise/free-sound/noise-free-sound-0670.wav,wav,
764,5.0,/scratch/cvlachos/MUSAN/musan/noise/free-sound/noise-free-sound-0211.wav,wav,
765,5.0,/scratch/cvlachos/MUSAN/musan/noise/free-sound/noise-free-sound-0567.wav,wav,
766,5.0,/scratch/cvlachos/MUSAN/musan/noise/free-sound/noise-free-sound-0106.wav,wav,
767,5.0,/scratch/cvlachos/MUSAN/musan/noise/free-sound/noise-free-sound-0398.wav,wav,
768,5.0,/scratch/cvlachos/MUSAN/musan/noise/free-sound/noise-free-sound-0728.wav,wav,
769,5.0,/scratch/cvlachos/MUSAN/musan/noise/free-sound/noise-free-sound-0349.wav,wav,
770,5.0,/scratch/cvlachos/MUSAN/musan/noise/free-sound/noise-free-sound-0443.wav,wav,
771,5.0,/scratch/cvlachos/MUSAN/musan/noise/free-sound/noise-free-sound-0831.wav,wav,
772,5.0,/scratch/cvlachos/MUSAN/musan/noise/free-sound/noise-free-sound-0022.wav,wav,
773,5.0,/scratch/cvlachos/MUSAN/musan/noise/free-sound/noise-free-sound-0785.wav,wav,
774,5.0,/scratch/cvlachos/MUSAN/musan/noise/free-sound/noise-free-sound-0754.wav,wav,
775,5.0,/scratch/cvlachos/MUSAN/musan/noise/free-sound/noise-free-sound-0492.wav,wav,
776,5.0,/scratch/cvlachos/MUSAN/musan/noise/free-sound/noise-free-sound-0335.wav,wav,
777,5.0,/scratch/cvlachos/MUSAN/musan/noise/free-sound/noise-free-sound-0836.wav,wav,
778,5.0,/scratch/cvlachos/MUSAN/musan/noise/free-sound/noise-free-sound-0444.wav,wav,
779,5.0,/scratch/cvlachos/MUSAN/musan/noise/free-sound/noise-free-sound-0782.wav,wav,
780,5.0,/scratch/cvlachos/MUSAN/musan/noise/free-sound/noise-free-sound-0025.wav,wav,
781,5.0,/scratch/cvlachos/MUSAN/musan/noise/free-sound/noise-free-sound-0753.wav,wav,
782,5.0,/scratch/cvlachos/MUSAN/musan/noise/free-sound/noise-free-sound-0332.wav,wav,
783,5.0,/scratch/cvlachos/MUSAN/musan/noise/free-sound/noise-free-sound-0495.wav,wav,
784,5.0,/scratch/cvlachos/MUSAN/musan/noise/free-sound/noise-free-sound-0677.wav,wav,
785,5.0,/scratch/cvlachos/MUSAN/musan/noise/free-sound/noise-free-sound-0216.wav,wav,
786,5.0,/scratch/cvlachos/MUSAN/musan/noise/free-sound/noise-free-sound-0560.wav,wav,
787,5.0,/scratch/cvlachos/MUSAN/musan/noise/free-sound/noise-free-sound-0101.wav,wav,
788,5.0,/scratch/cvlachos/MUSAN/musan/noise/free-sound/noise-free-sound-0438.wav,wav,
789,5.0,/scratch/cvlachos/MUSAN/musan/noise/free-sound/noise-free-sound-0059.wav,wav,
790,5.0,/scratch/cvlachos/MUSAN/musan/noise/free-sound/noise-free-sound-0088.wav,wav,
791,5.0,/scratch/cvlachos/MUSAN/musan/noise/free-sound/noise-free-sound-0148.wav,wav,
792,5.0,/scratch/cvlachos/MUSAN/musan/noise/free-sound/noise-free-sound-0529.wav,wav,
793,5.0,/scratch/cvlachos/MUSAN/musan/noise/free-sound/noise-free-sound-0199.wav,wav,
794,5.0,/scratch/cvlachos/MUSAN/musan/noise/free-sound/noise-free-sound-0307.wav,wav,
795,5.0,/scratch/cvlachos/MUSAN/musan/noise/free-sound/noise-free-sound-0766.wav,wav,
796,5.0,/scratch/cvlachos/MUSAN/musan/noise/free-sound/noise-free-sound-0010.wav,wav,
797,5.0,/scratch/cvlachos/MUSAN/musan/noise/free-sound/noise-free-sound-0803.wav,wav,
798,5.0,/scratch/cvlachos/MUSAN/musan/noise/free-sound/noise-free-sound-0471.wav,wav,
799,5.0,/scratch/cvlachos/MUSAN/musan/noise/free-sound/noise-free-sound-0693.wav,wav,
800,5.0,/scratch/cvlachos/MUSAN/musan/noise/free-sound/noise-free-sound-0134.wav,wav,
801,5.0,/scratch/cvlachos/MUSAN/musan/noise/free-sound/noise-free-sound-0555.wav,wav,
802,5.0,/scratch/cvlachos/MUSAN/musan/noise/free-sound/noise-free-sound-0223.wav,wav,
803,5.0,/scratch/cvlachos/MUSAN/musan/noise/free-sound/noise-free-sound-0584.wav,wav,
804,5.0,/scratch/cvlachos/MUSAN/musan/noise/free-sound/noise-free-sound-0642.wav,wav,
805,5.0,/scratch/cvlachos/MUSAN/musan/noise/free-sound/noise-free-sound-0133.wav,wav,
806,5.0,/scratch/cvlachos/MUSAN/musan/noise/free-sound/noise-free-sound-0694.wav,wav,
807,5.0,/scratch/cvlachos/MUSAN/musan/noise/free-sound/noise-free-sound-0552.wav,wav,
808,5.0,/scratch/cvlachos/MUSAN/musan/noise/free-sound/noise-free-sound-0583.wav,wav,
809,5.0,/scratch/cvlachos/MUSAN/musan/noise/free-sound/noise-free-sound-0224.wav,wav,
810,5.0,/scratch/cvlachos/MUSAN/musan/noise/free-sound/noise-free-sound-0645.wav,wav,
811,5.0,/scratch/cvlachos/MUSAN/musan/noise/free-sound/noise-free-sound-0289.wav,wav,
812,5.0,/scratch/cvlachos/MUSAN/musan/noise/free-sound/noise-free-sound-0258.wav,wav,
813,5.0,/scratch/cvlachos/MUSAN/musan/noise/free-sound/noise-free-sound-0639.wav,wav,
814,5.0,/scratch/cvlachos/MUSAN/musan/noise/free-sound/noise-free-sound-0300.wav,wav,
815,5.0,/scratch/cvlachos/MUSAN/musan/noise/free-sound/noise-free-sound-0761.wav,wav,
816,5.0,/scratch/cvlachos/MUSAN/musan/noise/free-sound/noise-free-sound-0017.wav,wav,
817,5.0,/scratch/cvlachos/MUSAN/musan/noise/free-sound/noise-free-sound-0476.wav,wav,
818,5.0,/scratch/cvlachos/MUSAN/musan/noise/free-sound/noise-free-sound-0804.wav,wav,
819,5.0,/scratch/cvlachos/MUSAN/musan/noise/free-sound/noise-free-sound-0372.wav,wav,
820,5.0,/scratch/cvlachos/MUSAN/musan/noise/free-sound/noise-free-sound-0713.wav,wav,
821,5.0,/scratch/cvlachos/MUSAN/musan/noise/free-sound/noise-free-sound-0065.wav,wav,
822,5.0,/scratch/cvlachos/MUSAN/musan/noise/free-sound/noise-free-sound-0404.wav,wav,
823,5.0,/scratch/cvlachos/MUSAN/musan/noise/free-sound/noise-free-sound-0141.wav,wav,
824,5.0,/scratch/cvlachos/MUSAN/musan/noise/free-sound/noise-free-sound-0287.wav,wav,
825,5.0,/scratch/cvlachos/MUSAN/musan/noise/free-sound/noise-free-sound-0520.wav,wav,
826,5.0,/scratch/cvlachos/MUSAN/musan/noise/free-sound/noise-free-sound-0256.wav,wav,
827,5.0,/scratch/cvlachos/MUSAN/musan/noise/free-sound/noise-free-sound-0637.wav,wav,
828,5.0,/scratch/cvlachos/MUSAN/musan/noise/free-sound/noise-free-sound-0190.wav,wav,
829,5.0,/scratch/cvlachos/MUSAN/musan/noise/free-sound/noise-free-sound-0019.wav,wav,
830,5.0,/scratch/cvlachos/MUSAN/musan/noise/free-sound/noise-free-sound-0478.wav,wav,
831,5.0,/scratch/cvlachos/MUSAN/musan/noise/free-sound/noise-free-sound-0146.wav,wav,
832,5.0,/scratch/cvlachos/MUSAN/musan/noise/free-sound/noise-free-sound-0527.wav,wav,
833,5.0,/scratch/cvlachos/MUSAN/musan/noise/free-sound/noise-free-sound-0280.wav,wav,
834,5.0,/scratch/cvlachos/MUSAN/musan/noise/free-sound/noise-free-sound-0251.wav,wav,
835,5.0,/scratch/cvlachos/MUSAN/musan/noise/free-sound/noise-free-sound-0197.wav,wav,
836,5.0,/scratch/cvlachos/MUSAN/musan/noise/free-sound/noise-free-sound-0630.wav,wav,
837,5.0,/scratch/cvlachos/MUSAN/musan/noise/free-sound/noise-free-sound-0309.wav,wav,
838,5.0,/scratch/cvlachos/MUSAN/musan/noise/free-sound/noise-free-sound-0768.wav,wav,
839,5.0,/scratch/cvlachos/MUSAN/musan/noise/free-sound/noise-free-sound-0375.wav,wav,
840,5.0,/scratch/cvlachos/MUSAN/musan/noise/free-sound/noise-free-sound-0714.wav,wav,
841,5.0,/scratch/cvlachos/MUSAN/musan/noise/free-sound/noise-free-sound-0062.wav,wav,
842,5.0,/scratch/cvlachos/MUSAN/musan/noise/free-sound/noise-free-sound-0403.wav,wav,
843,5.0,/scratch/cvlachos/MUSAN/musan/noise/sound-bible/noise-sound-bible-0025.wav,wav,
844,5.0,/scratch/cvlachos/MUSAN/musan/noise/sound-bible/noise-sound-bible-0059.wav,wav,
845,5.0,/scratch/cvlachos/MUSAN/musan/noise/sound-bible/noise-sound-bible-0022.wav,wav,
846,5.0,/scratch/cvlachos/MUSAN/musan/noise/sound-bible/noise-sound-bible-0050.wav,wav,
847,5.0,/scratch/cvlachos/MUSAN/musan/noise/sound-bible/noise-sound-bible-0081.wav,wav,
848,5.0,/scratch/cvlachos/MUSAN/musan/noise/sound-bible/noise-sound-bible-0057.wav,wav,
849,5.0,/scratch/cvlachos/MUSAN/musan/noise/sound-bible/noise-sound-bible-0086.wav,wav,
850,5.0,/scratch/cvlachos/MUSAN/musan/noise/sound-bible/noise-sound-bible-0062.wav,wav,
851,5.0,/scratch/cvlachos/MUSAN/musan/noise/sound-bible/noise-sound-bible-0065.wav,wav,
852,5.0,/scratch/cvlachos/MUSAN/musan/noise/sound-bible/noise-sound-bible-0019.wav,wav,
853,5.0,/scratch/cvlachos/MUSAN/musan/noise/sound-bible/noise-sound-bible-0017.wav,wav,
854,5.0,/scratch/cvlachos/MUSAN/musan/noise/sound-bible/noise-sound-bible-0010.wav,wav,
855,5.0,/scratch/cvlachos/MUSAN/musan/noise/sound-bible/noise-sound-bible-0001.wav,wav,
856,5.0,/scratch/cvlachos/MUSAN/musan/noise/sound-bible/noise-sound-bible-0006.wav,wav,
857,5.0,/scratch/cvlachos/MUSAN/musan/noise/sound-bible/noise-sound-bible-0074.wav,wav,
858,5.0,/scratch/cvlachos/MUSAN/musan/noise/sound-bible/noise-sound-bible-0008.wav,wav,
859,5.0,/scratch/cvlachos/MUSAN/musan/noise/sound-bible/noise-sound-bible-0073.wav,wav,
860,5.0,/scratch/cvlachos/MUSAN/musan/noise/sound-bible/noise-sound-bible-0046.wav,wav,
861,5.0,/scratch/cvlachos/MUSAN/musan/noise/sound-bible/noise-sound-bible-0041.wav,wav,
862,5.0,/scratch/cvlachos/MUSAN/musan/noise/sound-bible/noise-sound-bible-0033.wav,wav,
863,5.0,/scratch/cvlachos/MUSAN/musan/noise/sound-bible/noise-sound-bible-0034.wav,wav,
864,5.0,/scratch/cvlachos/MUSAN/musan/noise/sound-bible/noise-sound-bible-0048.wav,wav,
865,5.0,/scratch/cvlachos/MUSAN/musan/noise/sound-bible/noise-sound-bible-0011.wav,wav,
866,5.0,/scratch/cvlachos/MUSAN/musan/noise/sound-bible/noise-sound-bible-0016.wav,wav,
867,5.0,/scratch/cvlachos/MUSAN/musan/noise/sound-bible/noise-sound-bible-0064.wav,wav,
868,5.0,/scratch/cvlachos/MUSAN/musan/noise/sound-bible/noise-sound-bible-0018.wav,wav,
869,5.0,/scratch/cvlachos/MUSAN/musan/noise/sound-bible/noise-sound-bible-0063.wav,wav,
870,5.0,/scratch/cvlachos/MUSAN/musan/noise/sound-bible/noise-sound-bible-0056.wav,wav,
871,5.0,/scratch/cvlachos/MUSAN/musan/noise/sound-bible/noise-sound-bible-0051.wav,wav,
872,5.0,/scratch/cvlachos/MUSAN/musan/noise/sound-bible/noise-sound-bible-0080.wav,wav,
873,5.0,/scratch/cvlachos/MUSAN/musan/noise/sound-bible/noise-sound-bible-0023.wav,wav,
874,5.0,/scratch/cvlachos/MUSAN/musan/noise/sound-bible/noise-sound-bible-0024.wav,wav,
875,5.0,/scratch/cvlachos/MUSAN/musan/noise/sound-bible/noise-sound-bible-0058.wav,wav,
876,5.0,/scratch/cvlachos/MUSAN/musan/noise/sound-bible/noise-sound-bible-0035.wav,wav,
877,5.0,/scratch/cvlachos/MUSAN/musan/noise/sound-bible/noise-sound-bible-0049.wav,wav,
878,5.0,/scratch/cvlachos/MUSAN/musan/noise/sound-bible/noise-sound-bible-0032.wav,wav,
879,5.0,/scratch/cvlachos/MUSAN/musan/noise/sound-bible/noise-sound-bible-0040.wav,wav,
880,5.0,/scratch/cvlachos/MUSAN/musan/noise/sound-bible/noise-sound-bible-0047.wav,wav,
881,5.0,/scratch/cvlachos/MUSAN/musan/noise/sound-bible/noise-sound-bible-0072.wav,wav,
882,5.0,/scratch/cvlachos/MUSAN/musan/noise/sound-bible/noise-sound-bible-0075.wav,wav,
883,5.0,/scratch/cvlachos/MUSAN/musan/noise/sound-bible/noise-sound-bible-0009.wav,wav,
884,5.0,/scratch/cvlachos/MUSAN/musan/noise/sound-bible/noise-sound-bible-0007.wav,wav,
885,5.0,/scratch/cvlachos/MUSAN/musan/noise/sound-bible/noise-sound-bible-0000.wav,wav,
886,5.0,/scratch/cvlachos/MUSAN/musan/noise/sound-bible/noise-sound-bible-0031.wav,wav,
887,5.0,/scratch/cvlachos/MUSAN/musan/noise/sound-bible/noise-sound-bible-0036.wav,wav,
888,5.0,/scratch/cvlachos/MUSAN/musan/noise/sound-bible/noise-sound-bible-0038.wav,wav,
889,5.0,/scratch/cvlachos/MUSAN/musan/noise/sound-bible/noise-sound-bible-0044.wav,wav,
890,5.0,/scratch/cvlachos/MUSAN/musan/noise/sound-bible/noise-sound-bible-0043.wav,wav,
891,5.0,/scratch/cvlachos/MUSAN/musan/noise/sound-bible/noise-sound-bible-0076.wav,wav,
892,5.0,/scratch/cvlachos/MUSAN/musan/noise/sound-bible/noise-sound-bible-0071.wav,wav,
893,5.0,/scratch/cvlachos/MUSAN/musan/noise/sound-bible/noise-sound-bible-0003.wav,wav,
894,5.0,/scratch/cvlachos/MUSAN/musan/noise/sound-bible/noise-sound-bible-0078.wav,wav,
895,5.0,/scratch/cvlachos/MUSAN/musan/noise/sound-bible/noise-sound-bible-0004.wav,wav,
896,5.0,/scratch/cvlachos/MUSAN/musan/noise/sound-bible/noise-sound-bible-0069.wav,wav,
897,5.0,/scratch/cvlachos/MUSAN/musan/noise/sound-bible/noise-sound-bible-0015.wav,wav,
898,5.0,/scratch/cvlachos/MUSAN/musan/noise/sound-bible/noise-sound-bible-0012.wav,wav,
899,5.0,/scratch/cvlachos/MUSAN/musan/noise/sound-bible/noise-sound-bible-0060.wav,wav,
900,5.0,/scratch/cvlachos/MUSAN/musan/noise/sound-bible/noise-sound-bible-0067.wav,wav,
901,5.0,/scratch/cvlachos/MUSAN/musan/noise/sound-bible/noise-sound-bible-0052.wav,wav,
902,5.0,/scratch/cvlachos/MUSAN/musan/noise/sound-bible/noise-sound-bible-0083.wav,wav,
903,5.0,/scratch/cvlachos/MUSAN/musan/noise/sound-bible/noise-sound-bible-0029.wav,wav,
904,5.0,/scratch/cvlachos/MUSAN/musan/noise/sound-bible/noise-sound-bible-0055.wav,wav,
905,5.0,/scratch/cvlachos/MUSAN/musan/noise/sound-bible/noise-sound-bible-0084.wav,wav,
906,5.0,/scratch/cvlachos/MUSAN/musan/noise/sound-bible/noise-sound-bible-0027.wav,wav,
907,5.0,/scratch/cvlachos/MUSAN/musan/noise/sound-bible/noise-sound-bible-0020.wav,wav,
908,5.0,/scratch/cvlachos/MUSAN/musan/noise/sound-bible/noise-sound-bible-0079.wav,wav,
909,5.0,/scratch/cvlachos/MUSAN/musan/noise/sound-bible/noise-sound-bible-0005.wav,wav,
910,5.0,/scratch/cvlachos/MUSAN/musan/noise/sound-bible/noise-sound-bible-0002.wav,wav,
911,5.0,/scratch/cvlachos/MUSAN/musan/noise/sound-bible/noise-sound-bible-0070.wav,wav,
912,5.0,/scratch/cvlachos/MUSAN/musan/noise/sound-bible/noise-sound-bible-0077.wav,wav,
913,5.0,/scratch/cvlachos/MUSAN/musan/noise/sound-bible/noise-sound-bible-0042.wav,wav,
914,5.0,/scratch/cvlachos/MUSAN/musan/noise/sound-bible/noise-sound-bible-0039.wav,wav,
915,5.0,/scratch/cvlachos/MUSAN/musan/noise/sound-bible/noise-sound-bible-0045.wav,wav,
916,5.0,/scratch/cvlachos/MUSAN/musan/noise/sound-bible/noise-sound-bible-0037.wav,wav,
917,5.0,/scratch/cvlachos/MUSAN/musan/noise/sound-bible/noise-sound-bible-0030.wav,wav,
918,5.0,/scratch/cvlachos/MUSAN/musan/noise/sound-bible/noise-sound-bible-0021.wav,wav,
919,5.0,/scratch/cvlachos/MUSAN/musan/noise/sound-bible/noise-sound-bible-0026.wav,wav,
920,5.0,/scratch/cvlachos/MUSAN/musan/noise/sound-bible/noise-sound-bible-0028.wav,wav,
921,5.0,/scratch/cvlachos/MUSAN/musan/noise/sound-bible/noise-sound-bible-0054.wav,wav,
922,5.0,/scratch/cvlachos/MUSAN/musan/noise/sound-bible/noise-sound-bible-0085.wav,wav,
923,5.0,/scratch/cvlachos/MUSAN/musan/noise/sound-bible/noise-sound-bible-0053.wav,wav,
924,5.0,/scratch/cvlachos/MUSAN/musan/noise/sound-bible/noise-sound-bible-0082.wav,wav,
925,5.0,/scratch/cvlachos/MUSAN/musan/noise/sound-bible/noise-sound-bible-0066.wav,wav,
926,5.0,/scratch/cvlachos/MUSAN/musan/noise/sound-bible/noise-sound-bible-0061.wav,wav,
927,5.0,/scratch/cvlachos/MUSAN/musan/noise/sound-bible/noise-sound-bible-0013.wav,wav,
928,5.0,/scratch/cvlachos/MUSAN/musan/noise/sound-bible/noise-sound-bible-0068.wav,wav,
929,5.0,/scratch/cvlachos/MUSAN/musan/noise/sound-bible/noise-sound-bible-0014.wav,wav,
